symbol,entry_date,exit_date,entry_price,exit_price,qty,reason,sector,pnl,ret_pct,holding_days
KALYANKJIL,2023-08-24,2023-08-25,216.75,211.0,369,rebalance,NIFTY CONSR DURBL,-2121.75,-2.6528258362168433,1
GODFRYPHLP,2023-08-24,2023-08-28,731.0,711.0,119,rebalance,,-2380.0,-2.735978112175108,4
RECLTD,2023-08-25,2023-08-28,239.3,243.25,325,rebalance,NIFTY FINSEREXBNK,1283.7499999999964,1.6506477225240346,3
DRREDDY,2023-08-24,2023-08-30,1181.45,1142.8352721343633,67,stop,NIFTY PHARMA,-2587.1867669976605,-3.268418288174424,6
BSE,2023-08-30,2023-08-31,322.5,354.0,238,rebalance,NIFTY MS FIN SERV,7497.0,9.76744186046512,1
PFC,2023-08-24,2023-09-01,216.55,204.26149367211661,554,stop,NIFTY FINSEREXBNK,-6807.832505647402,-5.674673898814775,8
IRFC,2023-08-24,2023-09-01,48.6,55.75,1666,rebalance,NIFTY FINSEREXBNK,11911.899999999998,14.711934156378593,8
KEI,2023-08-24,2023-09-08,2618.25,2518.45,45,rebalance,NIFTY EV,-4491.000000000008,-3.8117062923708644,15
MAZDOCK,2023-08-24,2023-09-11,929.3,1136.1,129,rebalance,NIFTY IND DEFENCE,26677.199999999993,22.253308942214556,18
ANGELONE,2023-09-01,2023-09-12,191.4919540229885,179.1654815580231,435,stop,NIFTY MS FIN SERV,-5362.0155222599515,-6.437070699840275,11
KALYANKJIL,2023-09-08,2023-09-12,246.5,223.4484284020775,459,stop,NIFTY CONSR DURBL,-10580.671363446429,-9.351550343984794,4
MANAPPURAM,2023-08-28,2023-09-12,144.2006814310051,138.35,587,rebalance,NIFTY MS FIN SERV,-3434.350000000002,-4.057318851023917,15
TRENT,2023-08-28,2023-09-15,1337.2,1380.2,59,rebalance,NIFTY NONCYC CONS,2537.0,3.2156745438229217,18
ADANIPOWER,2023-09-12,2023-09-20,77.25,73.7,1064,rebalance,NIFTY COMMODITIES,-3777.199999999997,-4.595469255663431,8
JINDALSTEL,2023-09-11,2023-09-21,713.55,679.5567923218904,181,stop,NIFTY METAL,-6152.770589737832,-4.7639559495633925,10
BSE,2023-09-12,2023-09-22,432.5,385.5058087387164,190,stop,NIFTY MS FIN SERV,-8928.896339643887,-10.865708962146503,10
COFORGE,2023-08-24,2023-09-22,1078.0,1058.5,111,rebalance,NIFTY MS IT TELCM,-2164.5,-1.8089053803339472,29
SHRIRAMFIN,2023-08-24,2023-09-22,377.8992217898833,378.2,257,rebalance,NIFTY FINSEREXBNK,77.29999999998557,0.07959217504922567,29
CGPOWER,2023-09-22,2023-10-04,440.5,432.0,186,rebalance,NIFTY ENERGY,-1581.0,-1.9296254256526701,12
IRFC,2023-09-15,2023-10-09,79.0241833030853,71.15,1102,rebalance,NIFTY FINSEREXBNK,-8677.349999999988,-9.964270396677243,24
KAYNES,2023-10-04,2023-10-09,2392.05,2631.15,33,rebalance,NIFTY MULTI INFRA,7890.299999999997,9.995610459647587,5
BANKBARODA,2023-09-22,2023-10-13,194.5183720930233,183.51503525090314,430,stop,NIFTY PSU BANK,-4731.434842111664,-5.65670827065018,21
UNIONBANK,2023-09-20,2023-10-18,90.19,92.59,869,rebalance,NIFTY PSU BANK,2085.600000000005,2.661048896773477,28
KALYANKJIL,2023-10-18,2023-10-19,301.2,276.33779099237233,267,stop,NIFTY CONSR DURBL,-6638.209805036584,-8.254385460699753,1
BSE,2023-09-22,2023-10-20,399.0,529.5,308,rebalance,NIFTY MS FIN SERV,40194.0,32.70676691729324,28
MAZDOCK,2023-09-12,2023-10-23,1035.9,977.4015999690982,94,stop,NIFTY IND DEFENCE,-5498.849602904774,-5.6471087972682525,41
BAJFINANCE,2023-10-09,2023-10-25,803.0,771.3349133842418,103,stop,NIFTY FINSEREXBNK,-3261.5039214230987,-3.943348270953706,16
IRFC,2023-10-13,2023-10-25,76.73622795115334,69.61313142882238,1474,stop,NIFTY FINSEREXBNK,-10499.444273915826,-9.282573189374366,12
POLYCAB,2023-08-24,2023-10-25,5026.85,5023.15,23,rebalance,,-85.10000000001673,-0.07360474253261806,62
BAJFINANCE,2023-10-25,2023-10-26,769.5,742.0,122,rebalance,NIFTY FINSEREXBNK,-3355.0,-3.573749187784281,1
ANGELONE,2023-10-20,2023-11-01,234.3,263.0,551,rebalance,NIFTY MS FIN SERV,15813.699999999993,12.249253094323521,12
MCX,2023-10-23,2023-11-03,443.0,509.0,207,rebalance,NIFTY MS FIN SERV,13662.0,14.89841986455982,11
BSE,2023-11-01,2023-11-07,598.0,672.0,212,rebalance,NIFTY MS FIN SERV,15688.0,12.374581939799324,6
KALYANKJIL,2023-10-19,2023-11-08,302.9008250825083,347.9,303,rebalance,NIFTY CONSR DURBL,13634.749999999985,14.85607538547782,20
OIL,2023-10-09,2023-11-09,207.48232323232324,201.55,396,rebalance,NIFTY OIL AND GAS,-2349.199999999998,-2.859194527950537,31
NBCC,2023-10-26,2023-11-09,42.53,44.67,2129,rebalance,NIFTY MULTI INFRA,4556.060000000001,5.031742299553255,14
PFC,2023-09-01,2023-11-13,205.9,307.5,597,rebalance,NIFTY FINSEREXBNK,60655.2,49.34434191355026,73
BSE,2023-11-09,2023-11-13,654.5,774.0,126,rebalance,NIFTY MS FIN SERV,15057.0,18.25821237585943,4
MCX,2023-11-13,2023-11-16,555.0,593.0,261,rebalance,NIFTY MS FIN SERV,9918.0,6.8468468468468435,3
RBLBANK,2023-11-16,2023-11-17,254.55,238.511262122956,585,stop,NIFTY MS FIN SERV,-9382.661658070749,-6.300820222763315,1
SHRIRAMFIN,2023-11-03,2023-11-22,402.7,395.4,261,rebalance,NIFTY FINSEREXBNK,-1905.300000000003,-1.812763844052645,19
BAJAJ-AUTO,2023-09-21,2023-11-23,4959.5,5779.0,24,rebalance,NIFTY AUTO,19668.0,16.523843129347714,63
LTM,2023-11-13,2023-11-30,5261.1,5536.7,25,rebalance,NIFTY IT,6889.999999999986,5.238448233259185,17
PFC,2023-11-23,2023-12-01,320.75,365.15,433,rebalance,NIFTY FINSEREXBNK,19225.19999999999,13.842556508183934,8
RECLTD,2023-08-31,2023-12-04,238.65,389.8,354,rebalance,NIFTY FINSEREXBNK,53507.1,63.33542845170752,95
PHOENIXLTD,2023-11-08,2023-12-08,1046.4,1104.5,100,rebalance,NIFTY REALTY,5809.999999999991,5.552370030581022,30
MAZDOCK,2023-12-04,2023-12-08,1010.0,1029.7,136,rebalance,NIFTY IND DEFENCE,2679.200000000006,1.9504950495049522,4
KALYANKJIL,2023-11-09,2023-12-11,334.82532258064515,318.25,310,rebalance,NIFTY CONSR DURBL,-5138.349999999997,-4.950438769950816,32
ADANIPOWER,2023-12-08,2023-12-12,106.75,103.4,1015,rebalance,NIFTY COMMODITIES,-3400.249999999994,-3.1381733021077274,4
TIINDIA,2023-12-11,2023-12-14,3895.85,3711.55,25,rebalance,NIFTY AUTO,-4607.499999999993,-4.73067494898417,3
JINDALSTEL,2023-12-12,2023-12-18,747.85,712.2762610433883,140,stop,NIFTY METAL,-4980.323453925637,-4.756801358108131,6
UNIONBANK,2023-12-14,2023-12-19,112.78936969696971,111.47,825,rebalance,NIFTY PSU BANK,-1088.4800000000155,-1.1697642255776852,5
RECLTD,2023-12-18,2023-12-20,435.1,404.6664462431879,229,stop,NIFTY FINSEREXBNK,-6969.283810309971,-6.994611297819375,2
PFC,2023-12-19,2023-12-20,408.75,381.8527068075574,225,stop,NIFTY FINSEREXBNK,-6051.890968299583,-6.5803775394355,1
MCX,2023-11-17,2023-12-22,574.0,633.0,243,rebalance,NIFTY MS FIN SERV,14337.0,10.278745644599297,35
MANAPPURAM,2023-11-30,2023-12-28,164.4,172.5,841,rebalance,NIFTY MS FIN SERV,6812.099999999995,4.92700729927007,28
HEROMOTOCO,2023-12-01,2023-12-28,3570.4,3973.55,44,rebalance,NIFTY AUTO,17738.600000000006,11.291451938158193,27
TATAELXSI,2023-10-25,2024-01-04,7545.25,8639.65,16,rebalance,NIFTY MS IT TELCM,17510.399999999994,14.504489579536784,71
IRFC,2023-12-22,2024-01-12,97.75,113.4,1573,rebalance,NIFTY FINSEREXBNK,24617.450000000008,16.01023017902814,21
BSE,2023-11-22,2024-01-15,696.0,737.8060262761217,148,stop,NIFTY MS FIN SERV,6187.291888866005,6.006612970707126,54
ANGELONE,2023-11-07,2024-01-16,253.7,332.13266787821595,536,stop,NIFTY MS FIN SERV,42039.90998272376,30.91551749239889,70
PRESTIGE,2024-01-04,2024-01-17,1355.35,1288.9,102,rebalance,NIFTY REALTY,-6777.899999999981,-4.902792636588327,13
COALINDIA,2023-10-25,2024-01-19,290.0222570532916,359.9,319,rebalance,NIFTY ENERGY,22290.999999999978,24.09392425832626,86
BSE,2024-01-17,2024-01-20,762.5,747.0,172,rebalance,NIFTY MS FIN SERV,-2666.0,-2.0327868852458963,3
PHOENIXLTD,2024-01-19,2024-01-23,1281.7,1172.481735457377,89,stop,NIFTY REALTY,-9720.425544293452,-8.521359486823988,4
HEROMOTOCO,2024-01-12,2024-01-29,4178.3,4383.5,41,rebalance,NIFTY AUTO,8413.199999999993,4.911088241629358,17
NBCC,2024-01-20,2024-01-29,67.83,84.67,1895,rebalance,NIFTY MULTI INFRA,31911.800000000007,24.82677281438892,9
TRENT,2024-01-16,2024-01-30,2110.7,2020.1278019722959,79,stop,NIFTY NONCYC CONS,-7155.203644188613,-4.2910976466434825,14
WIPRO,2024-01-15,2024-02-01,236.38021505376344,225.3,465,rebalance,NIFTY IT,-5152.299999999993,-4.68745451104835,17
NHPC,2024-01-29,2024-02-02,86.95,100.65,2044,rebalance,NIFTY COMMODITIES,28002.800000000007,15.756181713628514,4
HAL,2023-12-28,2024-02-05,2805.8,2932.5,56,rebalance,NIFTY IND DEFENCE,7095.19999999999,4.515646161522557,39
OIL,2023-12-28,2024-02-07,255.15,325.05,638,rebalance,NIFTY OIL AND GAS,44596.200000000004,27.395649617871843,41
CUMMINSIND,2024-02-05,2024-02-08,2350.2,2585.25,69,rebalance,,16218.450000000012,10.001276487107491,3
IRFC,2024-01-23,2024-02-12,162.65988593155893,139.8172640518726,789,stop,NIFTY FINSEREXBNK,-18022.828663072516,-14.043180805682864,20
NBCC,2024-02-07,2024-02-12,105.37,91.85487940712511,1777,stop,NIFTY MULTI INFRA,-24016.369293538686,-12.826345822221597,5
JINDALSTEL,2024-02-02,2024-02-13,776.0,728.6818860677272,235,stop,NIFTY METAL,-11119.75677408411,-6.0976950943650525,11
BAJAJ-AUTO,2023-12-08,2024-02-14,5925.5,7883.5,24,rebalance,NIFTY AUTO,46992.0,33.04362501054763,68
CUMMINSIND,2024-02-14,2024-02-15,2563.1,2633.35,72,rebalance,,5058.0,2.7408216612695657,1
TRENT,2024-02-08,2024-02-19,2561.3,2698.1,69,rebalance,NIFTY NONCYC CONS,9439.19999999998,5.341037754265399,11
OIL,2024-02-12,2024-02-20,312.6,403.15,491,rebalance,NIFTY OIL AND GAS,44460.04999999998,28.966730646193195,8
HCLTECH,2024-02-12,2024-02-20,1666.95,1663.05,72,rebalance,NIFTY IT,-280.80000000000655,-0.23396022676145378,8
PFC,2023-12-20,2024-02-22,381.8889090909091,401.9868079398958,275,stop,NIFTY FINSEREXBNK,5526.922183471339,5.262760549090029,64
CUMMINSIND,2024-02-19,2024-02-23,2658.75,2810.95,70,rebalance,,10653.999999999987,5.724494593323914,4
NBCC,2024-02-23,2024-02-26,95.6,93.13,1981,rebalance,NIFTY MULTI INFRA,-4893.069999999998,-2.5836820083682044,3
RECLTD,2023-12-20,2024-02-27,425.8287313432836,443.2,268,rebalance,NIFTY FINSEREXBNK,4655.49999999999,4.079402674854382,69
IRFC,2024-02-13,2024-02-28,153.45,147.4,1117,rebalance,NIFTY FINSEREXBNK,-6757.849999999981,-3.9426523297490967,15
NHPC,2024-02-15,2024-02-28,92.6,88.05,2050,rebalance,NIFTY COMMODITIES,-9327.499999999995,-4.9136069114470775,13
MAXHEALTH,2024-02-01,2024-02-29,806.7598540145985,774.3191876261586,137,stop,NIFTY HEALTHCARE,-4444.37129521627,-4.021105689259164,28
BAJAJ-AUTO,2024-02-20,2024-02-29,8090.0,7726.643116288888,23,stop,NIFTY AUTO,-8357.208325355565,-4.491432431534137,9
TRENT,2024-02-20,2024-03-06,2683.9,2503.3718280298076,49,stop,NIFTY NONCYC CONS,-8845.880426539432,-6.726337492834777,15
GODFRYPHLP,2024-02-27,2024-03-06,936.0,1055.0,127,rebalance,,15113.0,12.713675213675213,8
COALINDIA,2024-01-29,2024-03-13,387.65,400.2403722725692,419,stop,NIFTY ENERGY,5275.365982206494,3.247871087983789,44
INDHOTEL,2024-02-28,2024-03-14,570.9,536.8843383817575,322,stop,NIFTY IND TOURISM,-10953.043041074072,-5.958252166446398,15
OIL,2024-02-22,2024-03-15,397.58742138364784,351.3257294890769,318,stop,NIFTY OIL AND GAS,-14711.218022473564,-11.635602488020169,22
BANKBARODA,2024-01-30,2024-03-15,215.25,230.75,741,rebalance,NIFTY PSU BANK,11485.5,7.200929152148672,45
PHOENIXLTD,2024-03-15,2024-03-20,1362.5,1281.7,89,rebalance,NIFTY REALTY,-7191.199999999996,-5.930275229357795,5
UNIONBANK,2024-02-29,2024-04-01,134.06,143.88,968,rebalance,NIFTY PSU BANK,9505.759999999993,7.325078323138889,32
HEROMOTOCO,2024-03-06,2024-04-03,4521.85,4445.65,28,rebalance,NIFTY AUTO,-2133.6000000000204,-1.685150989086337,28
CGPOWER,2024-03-20,2024-04-03,502.5576923076923,510.35,234,rebalance,NIFTY ENERGY,1823.4000000000024,1.5505299812497597,14
OFSS,2024-03-14,2024-04-10,7752.5,7621.0,22,rebalance,NIFTY MS IT TELCM,-2893.0,-1.6962270235407972,27
GODFRYPHLP,2024-04-03,2024-04-10,1099.0,1031.0,104,rebalance,,-7072.0,-6.187443130118286,7
ZYDUSLIFE,2024-03-13,2024-04-19,968.65,918.6034829366893,173,stop,NIFTY PHARMA,-8658.047451952754,-5.166625413029546,37
ABB,2024-02-28,2024-04-19,5428.6,6292.6,29,rebalance,NIFTY ENERGY,25056.0,15.915705706812066,51
MOTILALOFS,2024-04-19,2024-04-25,558.0,615.95,341,rebalance,NIFTY CAPITAL MKT,19760.950000000015,10.385304659498207,6
BEL,2024-04-10,2024-04-30,228.75,233.75,566,rebalance,NIFTY IND DEFENCE,2830.0,2.1857923497267784,20
TRENT,2024-03-06,2024-05-02,2581.3,3097.8,50,rebalance,NIFTY NONCYC CONS,25825.0,20.009297640723656,57
KFINTECH,2024-04-30,2024-05-02,749.95,815.95,194,rebalance,NIFTY MS FIN SERV,12804.0,8.80058670578039,2
RECLTD,2024-05-02,2024-05-06,553.9,514.8756772413939,324,stop,NIFTY FINSEREXBNK,-12643.880573788378,-7.04537330900995,4
360ONE,2024-04-25,2024-05-07,838.75,753.4771776838377,236,stop,NIFTY MS FIN SERV,-20124.38606661431,-10.166655417724268,12
BLUESTARCO,2024-04-10,2024-05-07,1419.6,1444.35,103,rebalance,NIFTY CONSR DURBL,2549.25,1.743448858833485,27
PHOENIXLTD,2024-04-19,2024-05-08,1560.9,1466.2,96,rebalance,NIFTY REALTY,-9091.200000000004,-6.067012620923828,19
MOTILALOFS,2024-05-07,2024-05-09,595.25,540.1547930817928,328,stop,NIFTY CAPITAL MKT,-18071.22786917195,-9.255809646065883,2
JINDALSTEL,2024-04-03,2024-05-14,902.4,978.45,143,rebalance,NIFTY METAL,10875.15000000001,8.427526595744684,41
CUMMINSIND,2024-02-26,2024-05-15,2733.55,3683.2,67,rebalance,,63626.549999999974,34.74053885972452,79
HAL,2024-04-01,2024-05-16,3403.35,4603.7,40,rebalance,NIFTY IND DEFENCE,48014.0,35.26966077541247,45
ABB,2024-05-14,2024-05-16,8080.85,8305.15,17,rebalance,NIFTY ENERGY,3813.0999999999876,2.775698101066082,2
BAJAJ-AUTO,2024-02-29,2024-05-17,7714.0,8563.5,20,rebalance,NIFTY AUTO,16990.0,11.01244490536686,78
HAL,2024-05-17,2024-05-18,4531.7,4730.5,37,rebalance,NIFTY IND DEFENCE,7355.600000000007,4.386874682790132,1
OIL,2024-03-15,2024-05-21,370.45,442.65,434,rebalance,NIFTY OIL AND GAS,31334.799999999996,19.48980969091645,67
360ONE,2024-05-16,2024-05-28,764.6,795.85,249,rebalance,NIFTY MS FIN SERV,7781.25,4.087104368297156,12
COCHINSHIP,2024-05-28,2024-05-29,1909.4,2018.05,104,rebalance,NIFTY IND DEFENCE,11299.599999999986,5.690269194511366,1
KFINTECH,2024-05-07,2024-05-30,761.6588235294117,700.3960930432479,238,stop,NIFTY MS FIN SERV,-14580.529855706993,-8.043329715827563,23
GODFRYPHLP,2024-05-18,2024-05-31,1387.0,1253.4889372805942,128,stop,,-17089.416028083942,-9.625887723100634,13
CUMMINSIND,2024-05-21,2024-05-31,3749.1,3537.785811830851,51,stop,,-10777.023596626601,-5.636397753304767,10
SUPREMEIND,2024-05-09,2024-05-31,5400.75,5277.6,32,rebalance,NIFTY MULTI MFG,-3940.7999999999884,-2.280238855714478,22
NAM-INDIA,2024-05-02,2024-06-04,582.1821576763485,547.2182037504556,241,stop,NIFTY CAPITAL MKT,-8426.312896140202,-6.005672531333461,33
TRENT,2024-05-06,2024-06-04,3006.0,2802.933948566994,55,stop,NIFTY NONCYC CONS,-11168.632828815336,-6.755357665768669,29
RECLTD,2024-05-08,2024-06-04,534.0,503.14572492765217,264,stop,NIFTY FINSEREXBNK,-8145.528619099828,-5.777954133398467,27
MOTILALOFS,2024-05-15,2024-06-04,571.3,516.48863069256,347,stop,NIFTY CAPITAL MKT,-19019.545149681653,-9.594148312172223,20
OBEROIRLTY,2024-05-16,2024-06-04,1711.321875,1633.1185013258878,80,stop,NIFTY REALTY,-6256.269893928984,-4.569764158137247,19
HAL,2024-05-29,2024-06-04,5051.75,4680.629365299431,41,stop,NIFTY IND DEFENCE,-15215.946022723332,-7.346377684971928,6
ABB,2024-05-31,2024-06-04,8317.95,7896.764925777625,24,stop,NIFTY ENERGY,-10108.441781337024,-5.063568237635185,4
CUMMINSIND,2024-05-31,2024-06-04,3551.3,3308.2875406788157,49,stop,,-11907.610506738038,-6.8429155329368,4
SIEMENS,2024-05-31,2024-06-04,5308.2,5029.237128779425,25,stop,NIFTY ENERGY,-6974.071780514373,-5.255319528664614,4
COCHINSHIP,2024-05-30,2024-06-05,1957.15,1709.1354210085428,86,stop,NIFTY IND DEFENCE,-21329.253793265325,-12.672231509667487,6
PHOENIXLTD,2024-06-04,2024-06-06,1628.85,1603.85,81,rebalance,NIFTY REALTY,-2025.0,-1.5348251834116144,2
BAJAJ-AUTO,2024-06-04,2024-06-12,9018.0,9659.5,13,rebalance,NIFTY AUTO,8339.5,7.113550676424918,8
ZYDUSLIFE,2024-06-04,2024-06-18,1003.6,1078.95,124,rebalance,NIFTY PHARMA,9343.400000000003,7.507971303308092,14
OBEROIRLTY,2024-06-04,2024-06-19,1745.25,1863.85,94,rebalance,NIFTY REALTY,11148.39999999999,6.795588024638288,15
RVNL,2024-06-04,2024-06-20,351.5100278551532,387.3,359,rebalance,,12848.599999999997,10.181778415606036,16
MOTILALOFS,2024-06-12,2024-07-01,670.5563157894736,597.5074343080009,190,stop,NIFTY CAPITAL MKT,-13879.287481479809,-10.893772791546851,19
MAZDOCK,2024-06-20,2024-07-04,1991.2,2792.75,69,rebalance,NIFTY IND DEFENCE,55306.95,40.25462032944957,14
COCHINSHIP,2024-06-06,2024-07-05,1853.0,2837.6,70,rebalance,NIFTY IND DEFENCE,68922.0,53.13545601726928,29
GVT&D,2024-06-04,2024-07-09,1347.75,1654.85,138,rebalance,NIFTY ENERGY,42379.79999999999,22.786125023186777,35
ABB,2024-06-04,2024-07-12,7666.75,8209.25,24,rebalance,NIFTY ENERGY,13020.0,7.076010043369085,38
HAL,2024-06-19,2024-07-16,5311.95,5329.4,33,rebalance,NIFTY IND DEFENCE,575.849999999994,0.32850459812310273,27
SIEMENS,2024-06-04,2024-07-18,4854.3,5424.95,38,rebalance,NIFTY ENERGY,21684.699999999986,11.755556928908373,44
NBCC,2024-07-04,2024-07-18,124.45,119.05,1550,rebalance,NIFTY MULTI INFRA,-8370.00000000001,-4.339092004821222,14
TRENT,2024-06-04,2024-07-19,3025.4,3423.3797715405935,61,stop,NIFTY NONCYC CONS,24276.7660639762,13.1546166305478,45
CUMMINSIND,2024-06-05,2024-07-19,3404.1,3629.332891604817,43,stop,,9685.014339007143,6.616518069528432,44
COCHINSHIP,2024-07-09,2024-07-22,2790.25,2478.8416323498286,81,stop,NIFTY IND DEFENCE,-25224.077779663883,-11.160590185473396,13
BEL,2024-06-18,2024-07-23,317.8248922413793,293.37271359009424,464,stop,NIFTY IND DEFENCE,-11345.810894196271,-7.69360086267702,35
MAZDOCK,2024-07-12,2024-07-23,2776.6,2436.995304498358,71,stop,NIFTY IND DEFENCE,-24111.933380616567,-12.230954962963402,11
CDSL,2024-07-16,2024-07-23,1191.5,1105.9682312757486,147,stop,NIFTY MS FIN SERV,-12573.170002464953,-7.178495067079426,7
CAMS,2024-07-18,2024-07-23,834.1,771.5867366642185,210,stop,NIFTY MS FIN SERV,-13127.785300514119,-7.494696479532614,5
MAZDOCK,2024-07-23,2024-07-25,2530.6,2428.25,81,rebalance,NIFTY IND DEFENCE,-8290.349999999993,-4.044495376590529,2
PERSISTENT,2024-07-23,2024-07-30,4810.15,4776.6,28,rebalance,NIFTY MS IT TELCM,-939.3999999999796,-0.6974834464621549,7
OFSS,2024-07-01,2024-08-05,9602.5,9257.08621571996,11,stop,NIFTY MS IT TELCM,-3799.551627080431,-3.597123502005095,35
CAMS,2024-07-23,2024-08-05,810.3,790.6372972713522,171,stop,NIFTY MS FIN SERV,-3362.3221665987717,-2.4265954249843014,13
GODFRYPHLP,2024-07-19,2024-08-05,1403.0,1330.0,151,rebalance,,-11023.0,-5.203136136849606,17
COCHINSHIP,2024-07-22,2024-08-05,2670.35,2411.0,75,rebalance,NIFTY IND DEFENCE,-19451.249999999993,-9.712210009923794,14
MAZDOCK,2024-07-30,2024-08-05,2684.5,2399.75,49,rebalance,NIFTY IND DEFENCE,-13952.75,-10.607189420748742,6
TRENT,2024-07-19,2024-08-06,3444.2,3480.5,44,rebalance,NIFTY NONCYC CONS,1597.200000000008,1.0539457638929273,18
CAMS,2024-08-05,2024-08-06,798.2,776.0,164,rebalance,NIFTY MS FIN SERV,-3640.8000000000075,-2.781257830117767,1
RVNL,2024-07-18,2024-08-09,586.15,518.5391418163806,367,stop,,-24813.18495338831,-11.534736532222023,22
KFINTECH,2024-08-05,2024-08-09,823.65,1075.35,160,rebalance,NIFTY MS FIN SERV,40271.999999999985,30.55909670369694,4
GVT&D,2024-08-05,2024-08-12,1715.05,1691.95,114,rebalance,NIFTY ENERGY,-2633.3999999999896,-1.34689950730299,7
ZYDUSLIFE,2024-08-05,2024-08-13,1227.55,1175.45,121,rebalance,NIFTY PHARMA,-6304.099999999989,-4.244226304427512,8
MAZDOCK,2024-08-09,2024-08-13,2458.9,2416.8,64,rebalance,NIFTY IND DEFENCE,-2694.399999999994,-1.7121477083248515,4
ETERNAL,2024-08-05,2024-08-16,256.17950191570884,264.43,522,rebalance,NIFTY INTERNET,4306.759999999989,3.22059260112304,11
MAZDOCK,2024-08-16,2024-08-19,2487.5,2362.4,55,rebalance,NIFTY IND DEFENCE,-6880.4999999999945,-5.029145728643214,3
CDSL,2024-07-23,2024-08-23,1161.6,1568.5,131,rebalance,NIFTY MS FIN SERV,53303.90000000001,35.02926997245179,31
PETRONET,2024-08-06,2024-08-26,340.85,353.55,441,rebalance,NIFTY OIL AND GAS,5600.699999999995,3.7259791697227485,20
KAYNES,2024-08-13,2024-08-29,4702.0,4749.95,30,rebalance,NIFTY MULTI INFRA,1438.4999999999945,1.0197788175244638,16
CDSL,2024-08-26,2024-08-30,1539.1,1405.0593067351952,101,stop,NIFTY MS FIN SERV,-13538.11001974528,-8.709030814424324,4
CAMS,2024-08-19,2024-08-30,909.4,852.2,144,rebalance,NIFTY MS FIN SERV,-8236.79999999999,-6.289861447107981,11
GODFRYPHLP,2024-08-29,2024-09-02,2043.0,2226.0,70,rebalance,,12810.0,8.957415565345084,4
PIIND,2024-08-06,2024-09-04,4264.75,4501.8,30,rebalance,,7111.5000000000055,5.55835629286594,29
DIXON,2024-08-13,2024-09-05,11986.15,12412.2,13,rebalance,NIFTY CONSR DURBL,5538.650000000014,3.5545191742135884,23
KALYANKJIL,2024-08-30,2024-09-13,615.2,716.05,237,rebalance,NIFTY CONSR DURBL,23901.44999999998,16.393042912873845,14
NAM-INDIA,2024-09-05,2024-09-13,707.65,674.05,228,rebalance,NIFTY CAPITAL MKT,-7660.800000000005,-4.748109941355194,8
PNBHOUSING,2024-09-13,2024-09-17,1137.05,1023.6177170596857,150,stop,NIFTY MS FIN SERV,-17014.84244104714,-9.97601538545484,4
360ONE,2024-07-05,2024-09-25,964.7,1034.4,205,rebalance,NIFTY MS FIN SERV,14288.50000000001,7.225044055146679,82
TRENT,2024-08-09,2024-09-26,4183.6,5230.3,49,rebalance,NIFTY NONCYC CONS,51288.29999999999,25.019122287025517,48
GODFRYPHLP,2024-09-04,2024-09-27,2123.0,2333.0,63,rebalance,,13230.0,9.891662741403673,23
360ONE,2024-09-26,2024-09-30,1079.75,1039.6,214,rebalance,NIFTY MS FIN SERV,-8592.10000000002,-3.7184533456818825,4
BAJAJFINSV,2024-09-27,2024-10-03,2010.7,1921.107616073152,73,stop,NIFTY FINSEREXBNK,-6540.244026659905,-4.455780769227036,6
CDSL,2024-08-30,2024-10-04,1438.8616822429906,1373.8,107,rebalance,NIFTY MS FIN SERV,-6961.599999999997,-4.521746811796968,35
MUTHOOTFIN,2024-09-02,2024-10-04,1965.0,1930.35,79,rebalance,NIFTY FINSEREXBNK,-2737.350000000007,-1.7633587786259564,32
PGEL,2024-07-25,2024-10-07,449.55,551.9529041512076,446,stop,NIFTY CONSR DURBL,45671.69525143858,22.77897990239297,74
KAYNES,2024-09-13,2024-10-07,5314.266666666666,4827.616407661767,30,stop,NIFTY MULTI INFRA,-14599.507770146984,-9.157430169196745,24
MOTILALOFS,2024-08-23,2024-10-07,696.45,703.9,295,rebalance,NIFTY CAPITAL MKT,2197.74999999998,1.0697106755689578,45
BAJAJ-AUTO,2024-10-04,2024-10-15,11483.5,11236.5,12,rebalance,NIFTY AUTO,-2964.0,-2.150912178342834,11
INFY,2024-10-07,2024-10-15,1893.3,1917.8,113,rebalance,NIFTY IT,2768.5,1.2940368668462376,8
NAUKRI,2024-10-04,2024-10-17,1639.5,1596.0,92,rebalance,NIFTY INTERNET,-4002.0,-2.653247941445558,13
LTM,2024-10-03,2024-10-18,6183.85,5991.7,22,rebalance,NIFTY IT,-4227.300000000012,-3.1072875312305515,15
KFINTECH,2024-08-12,2024-10-22,1021.05,975.7976451890071,189,stop,NIFTY MS FIN SERV,-8552.695059277652,-4.4319430792804315,71
PERSISTENT,2024-10-07,2024-10-22,5230.15,5158.2,33,rebalance,NIFTY MS IT TELCM,-2374.349999999994,-1.375677561829003,15
PGEL,2024-10-15,2024-10-22,614.5,571.9,321,rebalance,NIFTY CONSR DURBL,-13674.600000000008,-6.932465419039868,7
MANKIND,2024-10-07,2024-10-23,2561.7,2529.6,83,rebalance,NIFTY MIDSML HLTH,-2664.2999999999925,-1.253074130460241,16
TRENT,2024-09-30,2024-10-25,5049.8,4868.187238538811,44,stop,NIFTY NONCYC CONS,-7990.961504292343,-3.596434739221155,25
CDSL,2024-10-17,2024-10-25,1540.7925,1417.9361234945247,100,stop,NIFTY MS FIN SERV,-12285.637650547527,-7.973583497159764,8
DIXON,2024-10-22,2024-10-25,14908.0,14030.420819809755,9,stop,NIFTY CONSR DURBL,-7898.212621712206,-5.88663254756,3
KALYANKJIL,2024-09-17,2024-10-25,712.85,671.7,217,rebalance,NIFTY CONSR DURBL,-8929.549999999996,-5.7726029318931005,38
BSE,2024-09-25,2024-10-25,1279.5,1354.0,165,rebalance,NIFTY MS FIN SERV,12292.5,5.822586948026576,30
MOTILALOFS,2024-10-15,2024-10-25,924.45,872.0,167,rebalance,NIFTY CAPITAL MKT,-8759.150000000007,-5.67364378819839,10
HDFCAMC,2024-10-22,2024-10-25,2166.6,2085.4,87,rebalance,NIFTY FINSEREXBNK,-7064.399999999984,-3.747807624849986,3
PGEL,2024-10-23,2024-10-25,585.8,566.0,359,rebalance,NIFTY CONSR DURBL,-7108.199999999983,-3.379993171730955,2
NAM-INDIA,2024-10-25,2024-10-29,681.55,670.7,301,rebalance,NIFTY CAPITAL MKT,-3265.8499999999726,-1.5919595040715828,4
TRENT,2024-10-25,2024-10-30,4907.6,4835.0,41,rebalance,NIFTY NONCYC CONS,-2976.600000000015,-1.4793381693699592,5
HCLTECH,2024-10-25,2024-10-31,1852.35,1774.4337692032484,80,stop,NIFTY IT,-6233.2984637401205,-4.206344956231356,6
TECHM,2024-10-25,2024-10-31,1642.7428571428575,1559.1925985196435,84,stop,NIFTY IT,-7018.221724349972,-5.08602172640269,6
MCX,2024-10-25,2024-11-06,1298.0,1291.0,120,rebalance,NIFTY MS FIN SERV,-840.0,-0.5392912172573205,12
NAM-INDIA,2024-11-06,2024-11-13,736.8,679.1890255333401,210,stop,NIFTY CAPITAL MKT,-12098.30463799857,-7.819079053564037,7
CDSL,2024-10-31,2024-11-13,1545.8,1435.25,88,rebalance,NIFTY MS FIN SERV,-9728.399999999996,-7.151636692974506,13
WIPRO,2024-11-13,2024-11-18,271.9433467741935,258.6780772101192,496,stop,NIFTY IT,-6579.573703780847,-4.877953338968433,5
OBEROIRLTY,2024-10-22,2024-11-18,1950.45,1911.4,108,rebalance,NIFTY REALTY,-4217.399999999995,-2.002102079007406,27
DIXON,2024-10-25,2024-11-26,13937.2,15501.1,9,rebalance,NIFTY CONSR DURBL,14075.099999999997,11.221048704187343,32
COFORGE,2024-10-25,2024-12-04,1548.0,1753.0,132,rebalance,NIFTY MS IT TELCM,27060.0,13.242894056847554,40
PGEL,2024-10-30,2024-12-09,599.95,857.0,330,rebalance,NIFTY CONSR DURBL,84826.49999999999,42.84523710309192,40
HCLTECH,2024-11-13,2024-12-09,1864.75,1909.9,72,rebalance,NIFTY IT,3250.8000000000065,2.4212360906287644,26
CDSL,2024-11-18,2024-12-11,1504.65,1930.35,133,rebalance,NIFTY MS FIN SERV,56618.09999999998,28.292293888944254,23
PGEL,2024-12-11,2024-12-13,848.4,916.55,280,rebalance,NIFTY CONSR DURBL,19081.999999999993,8.032767562470532,2
KAYNES,2024-10-18,2024-12-16,5682.215999999999,7119.75,25,rebalance,NIFTY MULTI INFRA,35938.35000000001,25.29882707732336,59
INDHOTEL,2024-11-18,2024-12-16,748.7014851485147,867.65,202,rebalance,NIFTY IND TOURISM,24027.60000000002,15.887308521618637,28
ANGELONE,2024-12-09,2024-12-16,342.5,322.7,539,rebalance,NIFTY MS FIN SERV,-10672.200000000006,-5.7810218978102235,7
PERSISTENT,2024-10-25,2024-12-19,5670.9,6674.2,36,rebalance,NIFTY MS IT TELCM,36118.8,17.692077095346413,55
KFINTECH,2024-12-04,2024-12-19,1213.7,1429.05,182,rebalance,NIFTY MS FIN SERV,39193.69999999998,17.74326439812144,15
CAMS,2024-12-09,2024-12-23,1053.9,979.054273502225,224,stop,NIFTY MS FIN SERV,-16765.442735501623,-7.101786364719143,14
CDSL,2024-12-19,2024-12-23,1956.45,1841.9144105933003,125,stop,NIFTY MS FIN SERV,-14316.948675837466,-5.854255892391813,4
MOTILALOFS,2024-10-29,2024-12-26,947.8,915.25,213,rebalance,NIFTY CAPITAL MKT,-6933.1499999999905,-3.4342688330871396,58
KFINTECH,2024-12-23,2024-12-26,1415.2,1592.2,170,rebalance,NIFTY MS FIN SERV,30090.0,12.507066139061607,3
NAM-INDIA,2024-12-16,2024-12-27,784.25,728.4431748738875,256,stop,NIFTY CAPITAL MKT,-14286.547232284793,-7.115948374384762,11
NAUKRI,2024-12-16,2025-01-07,1761.4,1677.6034823463783,95,stop,NIFTY INTERNET,-7960.669177094069,-4.7573814950392705,22
PAYTM,2024-11-26,2025-01-08,895.2724137931036,902.05,174,rebalance,NIFTY MS FIN SERV,1179.2999999999615,0.757041778845946,43
CDSL,2024-12-23,2025-01-09,1818.6,1694.1152315829986,114,stop,NIFTY MS FIN SERV,-14191.26359953815,-6.845087892719748,17
360ONE,2024-12-13,2025-01-09,1186.6,1166.55,203,rebalance,NIFTY MS FIN SERV,-4070.1499999999905,-1.6897016686330701,27
MOTILALOFS,2025-01-07,2025-01-09,969.2880952380953,901.2,168,rebalance,NIFTY CAPITAL MKT,-11438.799999999996,-7.024546734102833,2
OBEROIRLTY,2024-12-16,2025-01-10,2253.5,2128.3,72,rebalance,NIFTY REALTY,-9014.399999999987,-5.555802085644546,25
PGEL,2024-12-19,2025-01-13,950.85,847.9276907189386,259,stop,NIFTY CONSR DURBL,-26656.87810379491,-10.82424244424056,25
MANKIND,2024-12-26,2025-01-13,2916.65,2653.1,84,stop,NIFTY MIDSML HLTH,-22138.200000000015,-9.036051634580778,18
PERSISTENT,2024-12-26,2025-01-13,6395.8,6066.886340688845,34,stop,NIFTY MS IT TELCM,-11183.064416579278,-5.142650791318603,18
KFINTECH,2024-12-27,2025-01-13,1511.45,1353.9,124,stop,NIFTY MS FIN SERV,-19536.199999999993,-10.423765258526574,17
KAYNES,2025-01-08,2025-01-13,6970.65,6327.609974469497,22,stop,NIFTY MULTI INFRA,-14146.880561671067,-9.224965039565935,5
COFORGE,2025-01-09,2025-01-13,1856.5,1761.2680355424702,106,stop,NIFTY MS IT TELCM,-10094.588232498158,-5.129650657556139,4
AMBER,2025-01-10,2025-01-13,7831.15,7075.502230738471,19,stop,NIFTY CONSR DURBL,-14357.30761596905,-9.649256740855805,3
HCLTECH,2025-01-09,2025-01-14,1934.8,1847.644269577469,79,stop,NIFTY IT,-6885.302703379945,-4.504637710488469,5
BAJAJFINSV,2025-01-14,2025-01-15,1713.5,1671.65,85,rebalance,NIFTY FINSEREXBNK,-3557.2499999999923,-2.4423694193171808,1
AMBER,2025-01-13,2025-01-16,7078.5,6815.85,31,rebalance,NIFTY CONSR DURBL,-8142.149999999989,-3.7105318923500663,3
DRREDDY,2025-01-13,2025-01-16,1335.1375,1302.75,112,rebalance,NIFTY PHARMA,-3627.400000000005,-2.425780116280163,3
PERSISTENT,2025-01-15,2025-01-16,6111.25,6071.6,23,rebalance,NIFTY MS IT TELCM,-911.9499999999916,-0.6488034362855277,1
INFY,2025-01-13,2025-01-17,1920.6,1811.8,114,stop,NIFTY IT,-12403.199999999995,-5.66489638654587,4
PGEL,2025-01-16,2025-01-17,900.85,861.5,223,rebalance,NIFTY CONSR DURBL,-8775.050000000005,-4.3680967974690565,1
UNOMINDA,2025-01-17,2025-01-20,1082.65,1038.55,202,rebalance,NIFTY AUTO,-8908.200000000028,-4.073338567404072,3
360ONE,2025-01-20,2025-01-22,1216.5,1148.95,172,rebalance,NIFTY MS FIN SERV,-11618.599999999991,-5.5528154541718,2
PATANJALI,2025-01-16,2025-01-24,619.0495833333333,605.6,240,rebalance,NIFTY FMCG,-3227.8999999999905,-2.1726181061156202,8
MANAPPURAM,2025-01-22,2025-01-27,195.35,184.46,1011,rebalance,NIFTY MS FIN SERV,-11009.789999999986,-5.5746096749423995,5
BIOCON,2025-01-17,2025-01-28,393.7,367.2442392073879,457,stop,NIFTY MIDSML HLTH,-12090.282682223715,-6.719776680876832,11
BSE,2024-10-31,2025-01-28,1490.6734693877552,1719.0,98,rebalance,NIFTY MS FIN SERV,22375.999999999993,15.31700505181879,89
BAJAJFINSV,2025-01-27,2025-02-01,1711.6,1632.6292418896992,109,stop,NIFTY FINSEREXBNK,-8607.81263402278,-4.613855930725674,5
PATANJALI,2025-01-28,2025-02-01,609.6,606.4,244,rebalance,NIFTY FMCG,-780.8000000000111,-0.5249343832021025,4
SBICARD,2025-01-16,2025-02-04,752.75,835.75,197,rebalance,NIFTY MS FIN SERV,16351.0,11.026237130521421,19
ITC,2025-01-13,2025-02-07,418.65,410.8,353,rebalance,NIFTY FMCG,-2771.049999999988,-1.8750746446912658,25
PERSISTENT,2025-02-07,2025-02-10,6254.1,5993.9,23,rebalance,NIFTY MS IT TELCM,-5984.600000000017,-4.160470731200339,3
EICHERMOT,2025-01-13,2025-02-11,4939.1,4982.17174047349,37,stop,NIFTY AUTO,1593.6543975191162,0.872056457117476,29
BSE,2025-02-01,2025-02-11,1801.5,1729.0,99,rebalance,NIFTY MS FIN SERV,-7177.5,-4.02442409103525,10
MANAPPURAM,2025-02-01,2025-02-12,197.8,191.42,746,rebalance,NIFTY MS FIN SERV,-4759.480000000018,-3.225480283114268,11
BSE,2025-02-12,2025-02-13,1785.0,1752.0,80,rebalance,NIFTY MS FIN SERV,-2640.0,-1.8487394957983239,1
INDIGO,2025-02-11,2025-02-14,4316.85,4223.3,35,rebalance,NIFTY IND TOURISM,-3274.2500000000064,-2.1670894286343056,3
BLUESTARCO,2025-02-13,2025-02-14,1994.8,1963.6,70,rebalance,NIFTY CONSR DURBL,-2184.000000000003,-1.5640665730900394,1
BHARTIARTL,2025-02-14,2025-02-19,1717.05,1645.4111874540085,84,stop,NIFTY INFRA,-6017.660253863279,-4.172203054424239,5
WIPRO,2025-01-24,2025-02-24,305.9078411405295,288.52898499388345,491,stop,NIFTY IT,-8533.018368003215,-5.6810757389714865,31
BSE,2025-02-24,2025-02-27,1870.0,1721.0,75,rebalance,NIFTY MS FIN SERV,-11175.0,-7.967914438502676,3
MARUTI,2025-02-11,2025-02-28,12724.35,12178.943025934681,16,stop,NIFTY AUTO,-8726.511585045111,-4.286324834394839,17
MUTHOOTFIN,2025-01-09,2025-02-28,2135.1,2132.8,108,rebalance,NIFTY FINSEREXBNK,-248.39999999997053,-0.10772329164908667,50
BAJAJHLDNG,2025-01-28,2025-03-03,11029.3,11346.75,17,rebalance,NIFTY FINSEREXBNK,5396.650000000012,2.8782424995239975,34
BAJAJFINSV,2025-02-04,2025-03-05,1813.25,1735.1918546637287,90,stop,NIFTY FINSEREXBNK,-7025.233080264417,-4.304874966842487,29
KOTAKBANK,2025-02-14,2025-03-19,390.4675900277008,404.3,361,rebalance,NIFTY PVT BANK,4993.500000000017,3.542524482331011,33
CHOLAFIN,2025-02-27,2025-03-20,1438.65,1493.2,89,rebalance,NIFTY FINSEREXBNK,4854.949999999996,3.791749209328188,21
BLUESTARCO,2025-03-04,2025-04-03,2100.65,2093.25,91,rebalance,NIFTY CONSR DURBL,-673.4000000000083,-0.35227191583557804,30
SRF,2025-01-13,2025-04-07,2516.0,2570.2,58,stop,,3143.5999999999894,2.1542130365659773,84
SBICARD,2025-02-10,2025-04-07,799.287643678161,763.5,174,stop,NIFTY MS FIN SERV,-6227.05000000001,-4.477442377749452,56
SHRIRAMFIN,2025-02-28,2025-04-07,617.3,596.0,342,stop,NIFTY FINSEREXBNK,-7284.599999999984,-3.4505102867325332,38
MUTHOOTFIN,2025-03-19,2025-04-07,2416.45,2150.0,60,stop,NIFTY FINSEREXBNK,-15986.999999999989,-11.026505824660138,19
BSE,2025-04-03,2025-04-07,1873.5,1666.5,101,stop,NIFTY MS FIN SERV,-20907.0,-11.04883907125701,4
MUTHOOTFIN,2025-04-07,2025-04-09,2254.3,2108.996958271283,70,stop,NIFTY FINSEREXBNK,-10171.21292101021,-6.445594718037406,2
TORNTPHARM,2025-04-07,2025-04-09,3233.55,3126.8,43,rebalance,NIFTY PHARMA,-4590.25,-3.301325168931979,2
KOTAKBANK,2025-04-07,2025-04-15,407.6084302325582,424.0,344,rebalance,NIFTY PVT BANK,5638.6999999999825,4.021401068199126,8
MAXHEALTH,2025-04-07,2025-04-16,1075.5,1077.5,130,rebalance,NIFTY HEALTHCARE,260.0,0.18596001859600975,9
INDHOTEL,2025-04-15,2025-04-25,836.35,775.6701537367273,174,stop,NIFTY IND TOURISM,-10558.293249809447,-7.255317302956021,10
SBICARD,2025-04-09,2025-04-25,846.55,867.55,166,rebalance,NIFTY MS FIN SERV,3486.0,2.4806567834150473,16
PGEL,2025-04-16,2025-04-25,960.85,871.15,146,rebalance,NIFTY CONSR DURBL,-13096.200000000006,-9.33548420669199,9
BAJFINANCE,2025-01-13,2025-04-30,715.0,863.5,308,rebalance,NIFTY FINSEREXBNK,45738.0,20.769230769230763,107
INDIGO,2025-02-28,2025-05-09,4477.3,4959.739877315114,47,stop,NIFTY IND TOURISM,22674.67423381037,10.775241268512591,70
EICHERMOT,2025-04-09,2025-05-09,5258.3,5324.0,26,rebalance,NIFTY AUTO,1708.1999999999953,1.2494532453454443,30
HDFCBANK,2025-03-20,2025-05-14,884.4224358974359,955.3,156,rebalance,NIFTY PVT BANK,11056.899999999994,8.013994356740128,55
MUTHOOTFIN,2025-05-09,2025-05-15,2229.6,2104.1,95,rebalance,NIFTY FINSEREXBNK,-11922.5,-5.628812343021172,6
ICICIBANK,2025-04-25,2025-05-28,1404.8,1453.8,104,rebalance,NIFTY PVT BANK,5096.0,3.4880410022779085,33
BAJAJFINSV,2025-03-05,2025-06-04,1801.8,1956.1,86,rebalance,NIFTY FINSEREXBNK,13269.799999999996,8.56365856365857,91
BEL,2025-06-04,2025-06-05,390.6,393.5,432,rebalance,NIFTY IND DEFENCE,1252.7999999999902,0.7424475166410538,1
MANAPPURAM,2025-02-19,2025-06-09,202.70087378640775,264.78,721,rebalance,NIFTY MS FIN SERV,44759.04999999999,30.62597859297189,110
BSE,2025-04-07,2025-06-09,1727.5,2994.4,120,rebalance,NIFTY MS FIN SERV,152028.0,73.33719247467438,63
NAM-INDIA,2025-06-09,2025-06-11,806.45,751.7319690784506,296,stop,NIFTY CAPITAL MKT,-16196.537152778648,-6.785049404370946,2
ANGELONE,2025-06-05,2025-06-12,327.2,304.0172822000946,519,stop,NIFTY MS FIN SERV,-12031.830538150898,-7.08518270168258,7
MAZDOCK,2025-04-30,2025-06-13,3057.6,3146.1,70,stop,NIFTY IND DEFENCE,6195.0,2.8944270015698548,44
INDIGO,2025-05-15,2025-06-13,5589.0,5195.827699206679,35,stop,NIFTY IND TOURISM,-13761.03052776622,-7.03475220599965,29
BSE,2025-06-11,2025-06-13,2882.4,2653.0,77,stop,NIFTY MS FIN SERV,-17663.800000000007,-7.958645573133505,2
MAZDOCK,2025-06-13,2025-06-16,3200.4,3165.6,70,rebalance,NIFTY IND DEFENCE,-2436.0000000000127,-1.0873640794900719,3
BAJFINANCE,2025-05-14,2025-06-19,908.2142857142857,900.5,168,rebalance,NIFTY FINSEREXBNK,-1295.9999999999918,-0.8493904836806898,36
GODFRYPHLP,2025-04-25,2025-06-20,2683.655737704918,2668.1119175369695,61,stop,,-948.17303024486,-0.5792032096203825,56
BDL,2025-05-28,2025-06-25,1927.1474137931032,1814.9,116,rebalance,NIFTY IND DEFENCE,-13020.699999999957,-5.824536980913797,28
GVT&D,2025-06-12,2025-06-30,2308.6,2361.1,68,rebalance,NIFTY ENERGY,3570.0,2.27410551849605,18
PNBHOUSING,2025-05-09,2025-07-04,1031.1,1081.0,156,rebalance,NIFTY MS FIN SERV,7784.400000000014,4.839491804868601,56
BSE,2025-06-13,2025-07-08,2711.2,2498.612106858888,83,stop,NIFTY MS FIN SERV,-17644.795130712264,-7.841099628987591,25
GODFRYPHLP,2025-06-30,2025-07-08,2992.0,2740.333141114781,53,stop,,-13338.343520916605,-8.411325497500632,8
MAZDOCK,2025-07-08,2025-07-11,3291.4,3174.5,46,rebalance,NIFTY IND DEFENCE,-5377.400000000004,-3.5516801361123007,3
BEL,2025-06-13,2025-07-18,394.2,399.06349276473725,404,stop,NIFTY IND DEFENCE,1964.8510769538527,1.233762751074896,35
AUBANK,2025-06-20,2025-07-21,795.35,770.0,204,stop,NIFTY MS FIN SERV,-5171.400000000005,-3.1872760419940915,31
360ONE,2025-07-04,2025-07-22,1245.4,1146.7218025299294,137,stop,NIFTY MS FIN SERV,-13518.913053399687,-7.923413960982073,18
BAJFINANCE,2025-07-22,2025-07-25,952.55,906.4,166,stop,NIFTY FINSEREXBNK,-7660.899999999996,-4.844890032019311,3
MANAPPURAM,2025-06-19,2025-07-28,263.5890814558059,259.1,577,rebalance,NIFTY MS FIN SERV,-2590.199999999997,-1.7030604723885512,39
BEL,2025-07-18,2025-07-28,394.75,389.25,412,rebalance,NIFTY IND DEFENCE,-2266.0,-1.3932868904369844,10
GLENMARK,2025-07-28,2025-08-06,2144.4,2024.73890867651,76,stop,NIFTY MIDSML HLTH,-9094.242940585253,-5.580166541852738,9
LTF,2025-06-16,2025-08-08,191.66,195.75,1157,rebalance,NIFTY MS FIN SERV,4732.130000000004,2.133987269122417,53
MUTHOOTFIN,2025-06-09,2025-08-12,2539.9,2533.2,94,rebalance,NIFTY FINSEREXBNK,-629.8000000000256,-0.26378991298871,64
FORTIS,2025-07-28,2025-08-12,846.25,931.65,177,rebalance,NIFTY MIDSML HLTH,15115.799999999996,10.091580502215658,15
INDIANB,2025-08-12,2025-08-25,657.4,654.1,265,rebalance,NIFTY PSU BANK,-874.499999999988,-0.5019774870702709,13
NAM-INDIA,2025-06-25,2025-08-28,792.6,798.5,266,rebalance,NIFTY CAPITAL MKT,1569.399999999994,0.7443855664900356,64
MOTILALOFS,2025-08-08,2025-08-28,905.6,889.0,250,rebalance,NIFTY CAPITAL MKT,-4150.0000000000055,-1.8330388692579525,20
UNOMINDA,2025-08-28,2025-09-17,1295.6,1303.5,155,rebalance,NIFTY AUTO,1224.500000000014,0.6097560975609762,20
LTF,2025-08-12,2025-09-18,197.78,247.37,1156,rebalance,NIFTY MS FIN SERV,57326.04,25.073313782991203,37
DELHIVERY,2025-08-06,2025-09-23,455.14664723032064,459.05,343,rebalance,NIFTY MULTI INFRA,1338.850000000025,0.8576033226724178,48
ADANIPOWER,2025-09-23,2025-09-24,162.35,147.19789905277287,972,stop,NIFTY COMMODITIES,-14727.842120704767,-9.332984876641282,1
LTF,2025-09-24,2025-09-26,246.82,236.88446906477245,580,stop,NIFTY MS FIN SERV,-5762.607942431977,-4.025415661302789,2
GODFRYPHLP,2025-07-08,2025-09-26,2748.0,3283.0,73,rebalance,,39055.0,19.468704512372636,80
HDFCAMC,2025-04-25,2025-09-30,2105.0,2678.4925164219317,70,stop,NIFTY FINSEREXBNK,40144.476149535214,27.24430006755021,158
ADANIPOWER,2025-09-26,2025-09-30,146.25,144.65,1483,rebalance,NIFTY COMMODITIES,-2372.7999999999915,-1.0940170940170857,4
HYUNDAI,2025-09-18,2025-10-01,2720.8,2554.7609449660144,91,stop,NIFTY MOBILITY,-15109.554008092702,-6.10258214620647,13
GODFRYPHLP,2025-09-30,2025-10-09,3384.0,3310.8,49,rebalance,,-3586.799999999991,-2.1631205673758758,9
KAYNES,2025-09-26,2025-10-13,7341.0,6926.052400116998,21,stop,NIFTY MULTI INFRA,-8713.899597543044,-5.652466964759595,17
GVT&D,2025-07-11,2025-10-23,2332.9,2806.4269311271846,62,stop,NIFTY ENERGY,29358.66972988544,20.29778092190768,104
FORTIS,2025-10-13,2025-10-24,1095.15,1043.2173182103097,132,stop,NIFTY MIDSML HLTH,-6855.11399623913,-4.742061068318526,11
MANAPPURAM,2025-08-28,2025-10-24,263.0,279.95,890,rebalance,NIFTY MS FIN SERV,15085.499999999989,6.4448669201520925,57
GVT&D,2025-10-24,2025-10-27,2905.2,2844.1,76,rebalance,NIFTY ENERGY,-4643.599999999993,-2.1031254302629754,3
INDIANB,2025-10-23,2025-10-28,808.95,835.1,215,rebalance,NIFTY PSU BANK,5622.249999999995,3.2325854502750495,5
NAM-INDIA,2025-09-17,2025-10-29,846.75,856.5739332253357,238,stop,NIFTY CAPITAL MKT,2338.0961076299054,1.160192881645794,42
BAJFINANCE,2025-10-24,2025-10-30,1089.5292207792209,1050.382584054238,154,stop,NIFTY FINSEREXBNK,-6028.5820556473755,-3.5929863998494405,6
FORTIS,2025-10-27,2025-11-04,1052.55,1019.1,205,rebalance,NIFTY MIDSML HLTH,-6857.249999999986,-3.177996294712837,8
LTF,2025-09-30,2025-11-07,249.28,303.6,959,rebalance,NIFTY MS FIN SERV,52092.88000000002,21.79075738125804,38
NAM-INDIA,2025-10-30,2025-11-07,871.8,849.55,185,rebalance,NIFTY CAPITAL MKT,-4116.25,-2.552190869465476,8
ADANIPOWER,2025-10-01,2025-11-11,152.51,147.1563546255695,1545,stop,NIFTY COMMODITIES,-8271.382103495122,-3.5103569434335458,41
BAJFINANCE,2025-11-07,2025-11-11,1066.6,1021.5973896217974,230,stop,NIFTY FINSEREXBNK,-10350.600386986567,-4.219258426608141,4
LICI,2025-11-07,2025-11-13,451.5,434.40705955931617,450,stop,NIFTY MS FIN SERV,-7691.823198307725,-3.785811836253339,6
MUTHOOTFIN,2025-08-25,2025-11-14,2693.7,3725.6,64,rebalance,NIFTY FINSEREXBNK,66041.6,38.307903626981485,81
NAM-INDIA,2025-11-11,2025-11-14,870.6,863.25,246,rebalance,NIFTY CAPITAL MKT,-1808.1000000000056,-0.8442453480358436,3
GVT&D,2025-10-28,2025-11-21,2968.2,2902.0,60,rebalance,NIFTY ENERGY,-3971.999999999989,-2.2303079307324225,24
POLYCAB,2025-07-25,2025-11-24,6865.240740740741,7427.0,27,rebalance,,15167.499999999996,8.1826592900899,122
LICI,2025-11-14,2025-11-24,444.3,437.25,457,rebalance,NIFTY MS FIN SERV,-3221.8500000000054,-1.5867656988521328,10
NAM-INDIA,2025-11-24,2025-11-25,876.05,858.3,274,rebalance,NIFTY CAPITAL MKT,-4863.5,-2.0261400604988267,1
SHRIRAMFIN,2025-11-13,2025-11-26,814.0,856.6,240,rebalance,NIFTY FINSEREXBNK,10224.000000000005,5.233415233415228,13
EICHERMOT,2025-11-24,2025-11-28,7258.5,6975.263167025905,22,stop,NIFTY AUTO,-6231.2103254300855,-3.9021400147977503,4
MANAPPURAM,2025-11-25,2025-12-02,279.05,278.0,857,rebalance,NIFTY MS FIN SERV,-899.8500000000097,-0.3762766529295858,7
INDIANB,2025-11-04,2025-12-03,854.2,814.1201525116114,245,stop,NIFTY PSU BANK,-9819.562634655213,-4.692091721890501,29
BAJFINANCE,2025-12-02,2025-12-09,1025.5,1016.7,232,rebalance,NIFTY FINSEREXBNK,-2041.5999999999894,-0.8581179912237835,7
360ONE,2025-11-26,2025-12-10,1150.0,1102.8,178,rebalance,NIFTY MS FIN SERV,-8401.600000000008,-4.104347826086963,14
BANKINDIA,2025-10-29,2025-12-16,136.32,134.97,1497,rebalance,NIFTY PSU BANK,-2020.9499999999914,-0.9903169014084501,48
GVT&D,2025-12-16,2025-12-18,3013.0,2861.5,67,rebalance,NIFTY ENERGY,-10150.5,-5.028211085297041,2
SHRIRAMFIN,2025-11-28,2025-12-23,851.2678191489362,957.8,188,rebalance,NIFTY FINSEREXBNK,20028.049999999996,12.514531673189587,25
NATIONALUM,2025-10-09,2025-12-26,229.52650704225354,306.85,710,rebalance,NIFTY METAL,54899.68,33.688262830363215,78
LTM,2025-12-09,2025-12-30,6245.5,6007.021276908636,37,stop,NIFTY IT,-8823.712754380482,-3.8184088238149783,21
NAM-INDIA,2025-12-18,2025-12-30,915.65,862.5845520112942,209,stop,NIFTY CAPITAL MKT,-11090.678629639497,-5.795385571856682,12
SHRIRAMFIN,2025-12-26,2026-01-01,960.25,1019.7,226,rebalance,NIFTY FINSEREXBNK,13435.70000000001,6.191096068732116,6
NATIONALUM,2025-12-30,2026-01-02,316.6,330.3,748,rebalance,NIFTY METAL,10247.599999999991,4.3272267845862356,3
CUMMINSIND,2025-07-21,2026-01-05,3617.9,4309.8,43,rebalance,,29751.700000000004,19.12435390696261,168
MANAPPURAM,2025-12-30,2026-01-09,309.5559259259259,294.2567259596012,540,stop,NIFTY MS FIN SERV,-8261.567981815335,-4.942305633646848,10
SHRIRAMFIN,2026-01-02,2026-01-09,1010.35,961.8188848162199,244,stop,NIFTY FINSEREXBNK,-11841.592104842348,-4.80339636599002,7
360ONE,2025-12-23,2026-01-09,1181.7,1140.9,153,rebalance,NIFTY MS FIN SERV,-6242.399999999993,-3.4526529576034526,17
NAM-INDIA,2026-01-05,2026-01-12,899.65,848.4419548096607,206,stop,NIFTY CAPITAL MKT,-10548.857309209885,-5.691996353063889,7
LTF,2025-11-11,2026-01-12,295.05,296.15,841,rebalance,NIFTY MS FIN SERV,925.0999999999713,0.3728181664124586,62
POLYCAB,2026-01-01,2026-01-14,7673.0,7328.0,30,stop,,-10350.0,-4.496285677049395,13
COALINDIA,2026-01-12,2026-01-20,432.3,414.2666786456454,405,stop,NIFTY ENERGY,-7303.495148513613,-4.171483079887716,8
EICHERMOT,2025-12-03,2026-01-20,7081.5,7173.5,28,rebalance,NIFTY AUTO,2576.0,1.2991597825319445,48
ASHOKLEY,2026-01-09,2026-01-21,187.7420224719101,179.1921651869601,890,stop,NIFTY AUTO,-7609.372983605507,-4.554045584668842,12
MANAPPURAM,2026-01-12,2026-01-23,294.2,294.75,845,rebalance,NIFTY MS FIN SERV,464.7500000000096,0.1869476546566995,11
AUBANK,2025-12-10,2026-01-27,993.7,954.7769998194358,198,stop,NIFTY MS FIN SERV,-7706.754035751723,-3.9169769729862414,48
NATIONALUM,2026-01-09,2026-01-29,348.05,428.85,678,rebalance,NIFTY METAL,54782.40000000001,23.21505530814538,20
HINDZINC,2026-01-21,2026-01-30,700.4742857142858,650.9033471953422,280,stop,NIFTY METAL,-13879.86278530419,-7.076767774336668,9
SBIN,2025-11-14,2026-02-01,967.85,1007.0192490217561,256,stop,NIFTY PSU BANK,10027.327749569551,4.047037146433441,79
MUTHOOTFIN,2025-11-21,2026-02-01,3636.0,3683.598726146566,47,stop,NIFTY FINSEREXBNK,2237.140128888609,1.309095878618427,72
UNIONBANK,2026-01-14,2026-02-01,174.13,165.0646401187337,1262,stop,NIFTY PSU BANK,-11440.484170158057,-5.206087337774246,18
BANKINDIA,2026-01-20,2026-02-01,154.7,146.29534889268766,1318,stop,NIFTY PSU BANK,-11077.330159437655,-5.432870786885802,12
MCX,2026-01-29,2026-02-01,2686.0,2300.0,96,stop,NIFTY MS FIN SERV,-37056.0,-14.37081161578555,3
NATIONALUM,2026-01-30,2026-02-01,385.45,352.40908366071045,473,stop,NIFTY METAL,-15628.353428483952,-8.572036928081339,2
INDIANB,2026-01-27,2026-02-02,858.4,806.3110480622656,220,stop,NIFTY PSU BANK,-11459.569426301558,-6.068144447545942,6
NATIONALUM,2026-02-02,2026-02-05,369.7,363.85,482,rebalance,NIFTY METAL,-2819.6999999999834,-1.5823640789829452,3
COALINDIA,2026-01-20,2026-02-10,415.3,430.95,396,rebalance,NIFTY ENERGY,6197.3999999999905,3.768360221526601,21
APLAPOLLO,2026-02-01,2026-02-11,2048.9,2280.8,93,rebalance,NIFTY METAL,21566.700000000008,11.318268339108783,10
GVT&D,2026-02-01,2026-02-12,3243.6,3622.5,49,rebalance,NIFTY ENERGY,18566.100000000006,11.68146503884573,11
MUTHOOTFIN,2026-02-11,2026-02-13,3933.2,3646.485403924652,54,stop,NIFTY FINSEREXBNK,-15482.588188068781,-7.289601242635713,2
NATIONALUM,2026-02-10,2026-02-13,368.65,349.3,464,rebalance,NIFTY METAL,-8978.399999999983,-5.248881052488796,3
SBIN,2026-02-01,2026-02-18,1018.2,1218.9,233,rebalance,NIFTY PSU BANK,46763.10000000001,19.711255156157925,17
MANAPPURAM,2026-02-12,2026-02-25,308.65,296.6,575,rebalance,NIFTY MS FIN SERV,-6928.749999999974,-3.9040984934391565,13
BAJFINANCE,2026-02-13,2026-03-02,1024.7282352941177,971.0,170,stop,NIFTY FINSEREXBNK,-9133.800000000003,-5.243169207560339,17
NAM-INDIA,2026-02-05,2026-03-02,925.0,903.45,189,rebalance,NIFTY CAPITAL MKT,-4072.9499999999916,-2.3297297297297237,25
SHRIRAMFIN,2026-01-09,2026-03-04,975.4,988.911327770385,170,stop,NIFTY FINSEREXBNK,2296.925720965456,1.3852089163814973,54
EICHERMOT,2026-02-13,2026-03-04,8065.0,7657.360795918591,23,stop,NIFTY AUTO,-9375.701693872405,-5.054422865237552,19
PFC,2026-02-18,2026-03-04,420.45,395.1369718232972,618,stop,NIFTY FINSEREXBNK,-15643.45141320233,-6.020460976739872,14
ASHOKLEY,2026-01-23,2026-03-05,192.98,203.04,1271,rebalance,NIFTY AUTO,12786.260000000002,5.212975437869205,41
SBIN,2026-02-25,2026-03-06,1199.6864864864863,1150.3716667658948,148,stop,NIFTY PSU BANK,-7298.593318647536,-4.110642261631159,9
BANKINDIA,2026-02-01,2026-03-06,145.68,154.53,1628,rebalance,NIFTY PSU BANK,14407.79999999999,6.074958813838549,33
UNIONBANK,2026-02-01,2026-03-09,164.51,173.83431625066996,1442,stop,NIFTY PSU BANK,13445.664033466091,5.6679328008449215,36
SHRIRAMFIN,2026-03-04,2026-03-09,1010.0,945.0392833658046,176,stop,NIFTY FINSEREXBNK,-11433.086127618384,-6.431754122197564,5
SBIN,2026-03-06,2026-03-09,1143.0,1091.7523805704127,219,stop,NIFTY PSU BANK,-11223.22865507962,-4.4836062493077256,3
PFC,2026-03-06,2026-03-09,407.85,392.8,424,rebalance,NIFTY FINSEREXBNK,-6381.200000000004,-3.690082138040951,3
POLYCAB,2026-03-02,2026-03-10,8549.275,8132.8723519350615,20,stop,,-8328.052961298763,-4.870619415856181,8
BHARATFORG,2026-03-02,2026-03-12,1878.8786516853932,1773.1391414719048,89,stop,NIFTY AUTO,-9410.81640900046,-5.62779880002563,10
UNIONBANK,2026-03-09,2026-03-13,173.92,168.89,1391,rebalance,NIFTY PSU BANK,-6996.730000000001,-2.8921343146274148,4
SHRIRAMFIN,2026-03-10,2026-03-13,1062.9,1003.6,153,rebalance,NIFTY FINSEREXBNK,-9072.90000000001,-5.579076112522352,3
CUMMINSIND,2026-03-05,2026-03-16,4791.4,4502.132022888148,52,stop,,-15041.9348098163,-6.0372328987738815,11
BEL,2026-03-09,2026-03-16,457.35,430.6249874173866,354,stop,NIFTY IND DEFENCE,-9460.654454245154,-5.843448689759145,7
CUMMINSIND,2026-03-16,2026-03-19,4589.7,4505.7,50,rebalance,,-4200.0,-1.8301849794104208,3
MCX,2026-03-09,2026-03-23,2577.1,2377.93206909187,93,stop,NIFTY MS FIN SERV,-18522.617574456097,-7.7283741767153025,14
TORNTPHARM,2026-03-09,2026-03-23,4373.7,4169.716714372011,41,stop,NIFTY PHARMA,-8363.314710747552,-4.663860933031283,14
NATIONALUM,2026-03-04,2026-03-23,373.5,349.75,660,rebalance,NIFTY METAL,-15675.0,-6.358768406961179,19
GVT&D,2026-03-04,2026-03-23,3682.6,3461.0,44,rebalance,NIFTY ENERGY,-9750.399999999996,-6.017487644598917,19
PFC,2026-03-12,2026-03-23,415.7496103896104,398.0,385,rebalance,NIFTY FINSEREXBNK,-6833.599999999997,-4.269302952076548,11
BSE,2026-03-16,2026-03-23,2862.6,2714.4,54,rebalance,NIFTY MS FIN SERV,-8002.79999999999,-5.177111716621252,7
BHARATFORG,2026-03-19,2026-03-23,1712.4,1648.6,131,rebalance,NIFTY AUTO,-8357.800000000025,-3.7257650081756744,4
COALINDIA,2026-03-13,2026-03-24,467.0,441.1510658203922,493,stop,NIFTY ENERGY,-12743.524550546643,-5.535103678716869,11
TATAPOWER,2026-03-23,2026-03-30,386.9274936061381,378.75,391,rebalance,NIFTY COMMODITIES,-3197.4000000000024,-2.1134434076845787,7
CUMMINSIND,2026-03-24,2026-03-30,4619.6,4500.1,47,rebalance,,-5616.5,-2.5868040522988967,6
TORNTPHARM,2026-03-23,2026-04-01,4213.9,4111.3,53,rebalance,NIFTY PHARMA,-5437.799999999971,-2.4347991172073202,9
SUNPHARMA,2026-03-23,2026-04-01,1758.4,1728.5,127,rebalance,NIFTY PHARMA,-3797.3000000000116,-1.7004094631483224,9
LUPIN,2026-03-23,2026-04-02,2296.7,2196.5068230407423,74,stop,NIFTY MIDSML HLTH,-7414.295094985053,-4.3624843017920245,10
GLENMARK,2026-03-23,2026-04-08,2089.0,2173.5,71,rebalance,NIFTY MIDSML HLTH,5999.5,4.044997606510292,16
ONGC,2026-03-23,2026-04-09,265.45,288.6,566,rebalance,NIFTY OIL AND GAS,13102.90000000002,8.721039743831248,17
COALINDIA,2026-03-30,2026-04-10,450.4314159292035,434.1,339,rebalance,NIFTY ENERGY,-5536.349999999987,-3.6257275473366213,11
ADANIPOWER,2026-03-23,2026-04-15,147.85,183.43,1519,rebalance,NIFTY COMMODITIES,54046.02000000002,24.06493067297939,23
ANGELONE,2026-04-09,2026-04-16,281.8,292.61,579,rebalance,NIFTY MS FIN SERV,6258.990000000002,3.8360539389638015,7
AUROPHARMA,2026-03-13,2026-04-17,1296.10162601626,1386.0,123,rebalance,NIFTY MIDSML HLTH,11057.500000000011,6.936059038831277,35
ABB,2026-02-01,2026-04-22,5490.878787878788,7587.0,33,rebalance,NIFTY ENERGY,69172.0,38.17460361260272,80
SHRIRAMFIN,2026-04-10,2026-04-27,1026.3431428571428,974.65,175,rebalance,NIFTY FINSEREXBNK,-9046.299999999988,-5.036633529137147,17
NAM-INDIA,2026-04-16,2026-04-27,964.85,989.7,175,rebalance,NIFTY CAPITAL MKT,4348.750000000004,2.5755298751101163,11
BSE,2026-04-02,2026-05-07,2851.4,3963.6,57,rebalance,NIFTY MS FIN SERV,63395.39999999999,39.00540085572,35
SONACOMS,2026-04-15,2026-05-07,585.7,578.65,420,rebalance,NIFTY AUTO,-2961.0000000000286,-1.2036878948267105,22
ABB,2026-04-27,2026-05-11,7430.5,6662.0,23,stop,NIFTY ENERGY,-17675.5,-10.342507233698939,14
NATIONALUM,2026-03-30,2026-05-11,386.1,393.05,543,rebalance,NIFTY METAL,3773.849999999994,1.800051800051805,42
HDFCAMC,2026-04-17,2026-05-12,2731.5125,2576.4,64,rebalance,NIFTY FINSEREXBNK,-9927.199999999983,-5.678630429112063,25
PFC,2026-04-08,2026-05-13,418.94516971279376,446.0,383,rebalance,NIFTY FINSEREXBNK,10361.99999999999,6.457845141347152,35
OFSS,2026-05-11,2026-05-14,9239.5,8730.12060712311,18,stop,NIFTY MS IT TELCM,-9168.829071784021,-5.513062318057149,3
MCX,2026-05-13,2026-05-15,3204.2,3391.0,53,rebalance,NIFTY MS FIN SERV,9900.400000000009,5.829848324074649,2
BSE,2026-05-11,2026-05-26,3918.0,4403.3,50,rebalance,NIFTY MS FIN SERV,24265.000000000007,12.386421643695765,15
COALINDIA,2026-04-27,2026-05-27,452.5585492227979,429.0,386,stop,NIFTY ENERGY,-9093.599999999999,-5.2056356604590075,30
MCX,2026-05-26,2026-05-29,3307.3,3099.201890341221,66,stop,NIFTY MS FIN SERV,-13734.475237479435,-6.2920844694699385,3
PNBHOUSING,2026-05-07,2026-06-02,1051.6,989.2524178148783,249,stop,NIFTY MS FIN SERV,-15524.54796409528,-5.9288305615368575,26
BSE,2026-05-27,2026-06-02,4248.4,3997.982598900736,39,stop,NIFTY MS FIN SERV,-9766.278642871286,-5.89439320919084,6
BHEL,2026-05-12,2026-06-04,391.7805620608899,389.2,427,rebalance,NIFTY ENERGY,-1101.8999999999949,-0.6586753685061231,23
NATIONALUM,2026-06-02,2026-06-05,434.25181598062954,405.65942350875866,413,stop,NIFTY METAL,-11808.658090882673,-6.584288521005588,3
COALINDIA,2026-05-29,2026-06-10,457.9,451.0,446,rebalance,NIFTY ENERGY,-3077.3999999999896,-1.506879231273195,12
OFSS,2026-05-14,2026-06-11,8904.5,9054.04605349626,17,stop,NIFTY MS IT TELCM,2542.282909436426,1.679443579047235,28
ABB,2026-06-04,2026-06-11,7156.0,6710.0446087998,23,stop,NIFTY ENERGY,-10256.973997604604,-6.231908764675797,7
BAJAJ-AUTO,2026-05-07,2026-06-12,10605.0,10055.22541973808,19,stop,NIFTY AUTO,-10445.717024976466,-5.1841073103434105,36
NMDC,2026-06-05,2026-06-16,92.87990649064908,88.09,1818,rebalance,NIFTY METAL,-8708.050000000016,-5.157096590241839,11
ZYDUSLIFE,2026-06-11,2026-06-17,1105.9,1061.4,153,rebalance,NIFTY PHARMA,-6808.5,-4.023871959490011,6
ANGELONE,2026-06-16,2026-06-23,348.2614406779661,342.1,472,rebalance,NIFTY MS FIN SERV,-2908.1999999999916,-1.7691997902413492,7
KEI,2026-06-17,2026-06-25,5643.5,5286.225052641678,28,stop,NIFTY EV,-10003.698526033008,-6.330733540503619,8
ADANIPOWER,2026-05-15,2026-06-30,221.33,223.77,842,rebalance,NIFTY COMMODITIES,2054.479999999998,1.1024262413590558,46
GVT&D,2026-04-01,2026-07-03,3798.7,4581.6,55,stop,NIFTY ENERGY,43059.50000000003,20.60968225972044,93
BSE,2026-06-02,2026-07-03,3931.9,3816.6,57,rebalance,NIFTY MS FIN SERV,-6572.10000000001,-2.9324245275820893,31
CUMMINSIND,2026-04-01,2026-07-07,4609.1,5424.857121440032,49,stop,,39972.098950561536,17.698837548328996,97
POLYCAB,2026-04-22,2026-07-08,8038.0,9220.675621000351,31,stop,,36662.94425101089,14.713555872111872,77
LTF,2026-07-03,2026-07-09,327.0,321.1,660,rebalance,NIFTY MS FIN SERV,-3893.999999999985,-1.8042813455657392,6
HDFCAMC,2026-06-23,2026-07-16,2684.9238095238097,2602.2,63,rebalance,NIFTY FINSEREXBNK,-5211.600000000024,-3.0810486774476287,23
CUMMINSIND,2026-07-08,2026-07-17,5498.5,5448.0,45,rebalance,NIFTY INFRALOG,-2272.5,-0.9184322997181082,9
SONACOMS,2026-07-07,2026-07-20,671.2,714.55,380,rebalance,NIFTY AUTO,16472.999999999964,6.458581644815253,13
HDFCAMC,2026-07-17,2026-07-20,2651.2,2644.9,92,rebalance,NIFTY FINSEREXBNK,-579.5999999999749,-0.23762824381411418,3
OFSS,2026-06-11,2026-07-23,9554.916666666666,10388.359020218695,18,stop,NIFTY MS IT TELCM,15001.962363936524,8.722654342549951,42
CGPOWER,2026-06-10,2026-07-23,908.1,883.8,221,rebalance,NIFTY ENERGY,-5370.300000000015,-2.6759167492567015,43
NAM-INDIA,2026-06-12,2026-07-23,1089.1,1105.8,175,rebalance,NIFTY CAPITAL MKT,2922.500000000008,1.5333761821687775,41
ABB,2026-07-16,2026-07-28,7660.659090909091,7198.655698766597,22,stop,NIFTY ENERGY,-10164.074627134863,-6.030856962304377,12
CUMMINSIND,2026-07-20,2026-07-28,5506.0,5455.5,46,rebalance,NIFTY INFRALOG,-2323.0,-0.9171812568107507,8
SONACOMS,2026-07-23,2026-07-31,719.7210300429184,769.4,233,rebalance,NIFTY AUTO,11575.200000000004,6.9025313813769085,8
LAURUSLABS,2026-07-28,2026-07-31,1758.9,1816.2,136,rebalance,NIFTY MIDSML HLTH,7792.799999999994,3.2577178918642202,3
LODHA,2026-07-28,2026-08-05,1301.4,1250.0,130,rebalance,NIFTY REALTY,-6682.000000000012,-3.949592746273256,8
