symbol,entry_date,ret_pct,win,pattern,score,grade,rrr,rvol,holding_days
MOTILALOFS,2021-07-29,-6.353318168741106,False,Pin Bar (Stopping Vol),80.0,A,2.0,0.4680552912927865,1
TATAELXSI,2021-08-09,-2.76704908076616,False,Pin Bar (Stopping Vol),80.0,A,2.3057066811416083,0.5697623894244166,2
ADANIENT,2021-08-06,-2.6556249502734053,False,Pin Bar (Stopping Vol),70.0,A,7.156882988675522,0.5861910258594109,17
RADICO,2021-08-12,-6.286247541672263,False,Morning Star,100.0,A+,2.0,2.1928958326995622,11
INOXWIND,2021-08-13,-10.366836058493211,False,Pin Bar (Stopping Vol),80.0,A,2.000000000000001,0.5428000403207047,10
FORTIS,2021-08-30,-9.843353747661451,False,Bullish Engulfing,85.0,A+,2.0,2.084144914872943,18
MPHASIS,2021-09-14,11.505471512135124,True,Pin Bar (Stopping Vol),80.0,A,2.0,0.8072171036697644,9
TCS,2021-09-22,-1.6790472599520712,False,Pin Bar (Stopping Vol),75.0,A,2.0,0.6083777746223363,5
JUBLFOOD,2021-09-22,-4.3084302885530334,False,Pin Bar (Stopping Vol),85.0,A+,2.0,1.031969593616062,6
HINDALCO,2021-09-30,10.436251786823505,True,Bullish Engulfing,70.0,A,2.0,0.8857681778367085,18
GODREJCP,2021-08-23,-5.960606154251769,False,Bullish Engulfing,85.0,A+,2.0,2.508894827819293,59
ADANIENSOL,2021-10-13,-4.872748377761271,False,Pin Bar (Stopping Vol),85.0,A+,3.286404076947677,0.08715149142206213,8
ONGC,2021-10-25,-3.0474599860821128,False,Pin Bar (Stopping Vol),85.0,A+,2.947235576683424,0.7179483919161113,3
GMRAIRPORT,2021-11-08,-3.3955042897456766,False,Pin Bar (Stopping Vol),80.0,A,2.9988238995735896,0.12134975074614059,7
TMPV,2021-11-02,4.630824372759856,True,Pin Bar (Stopping Vol),80.0,A,1.6379054383704938,0.5089137989115566,15
MPHASIS,2021-11-12,-3.5135621834552544,False,Pin Bar (Stopping Vol),85.0,A+,2.5178334922419228,0.4166746888417088,10
PGEL,2021-10-27,18.745565364094308,True,Morning Star,80.0,A,2.0,0.5298139971200845,29
INDUSTOWER,2021-11-24,-4.4633155434901095,False,Pin Bar (Stopping Vol),90.0,A+,2.6064761085175294,1.332879163103314,1
BSE,2021-11-30,20.60217846894432,True,Pin Bar (Stopping Vol),85.0,A+,2.0,1.108339153409905,2
COFORGE,2021-12-03,-2.8870892015833927,False,Pin Bar (Stopping Vol),90.0,A+,3.032628871659326,1.1640821987452488,3
HAVELLS,2021-12-02,-4.6515039858764045,False,Pin Bar (Stopping Vol),85.0,A+,1.9111631961095965,1.2873632544238476,15
DLF,2021-12-10,-2.6582685989635646,False,Pin Bar (Stopping Vol),70.0,A,3.8877289669655593,0.548812692102106,7
PHOENIXLTD,2021-12-13,-5.007546605527036,False,Pin Bar (Stopping Vol),85.0,A+,2.8220438093054208,0.47376116057414397,7
KEI,2021-12-15,-6.919519864909374,False,Bullish Engulfing,70.0,A,2.0,0.8064163229841886,5
PGEL,2021-12-21,18.191403597114373,True,Pin Bar (Stopping Vol),75.0,A,2.0,0.9596110778334279,7
BLUESTARCO,2021-12-24,-3.94867547558323,False,Morning Star,75.0,A,1.961091473163978,0.5749347430432492,4
TORNTPHARM,2021-12-21,5.011638777848382,True,Pin Bar (Stopping Vol),80.0,A,1.5812204218102743,0.40458067166061573,10
BLUESTARCO,2021-12-29,-5.910098194349667,False,Pin Bar (Stopping Vol),90.0,A+,2.0,1.166603138938485,13
DLF,2022-01-07,5.323411305160652,True,Pin Bar (Stopping Vol),80.0,A,1.802261020071816,1.0566570996954678,5
SIEMENS,2022-01-17,-3.4414927158077813,False,Bullish Engulfing,75.0,A,2.250483619439567,1.3597298368316317,1
TITAN,2022-01-18,-2.496576824004837,False,Pin Bar (Stopping Vol),75.0,A,2.0,0.943595641309512,3
BSE,2022-01-07,-4.083363873449441,False,Bullish Engulfing,75.0,A,5.240938142680055,0.4331963700674885,18
PIDILITIND,2022-01-24,-2.2143818170913487,False,Bullish Engulfing,85.0,A+,2.0,2.757887941893722,1
BANKBARODA,2022-01-27,18.75504757973627,True,Morning Star,95.0,A+,2.0,2.060821080082347,12
ADANIENSOL,2022-01-28,-7.403376063655287,False,Pin Bar (Stopping Vol),85.0,A+,2.0,1.2037707188491267,17
NTPC,2022-01-27,-3.815793555099412,False,Bullish Engulfing,70.0,A,3.1075000255873846,0.7601115331081045,19
NATIONALUM,2022-02-16,-6.904043646936775,False,Pin Bar (Stopping Vol),85.0,A+,2.0000000000000018,1.1560761930724721,2
MARUTI,2022-01-27,-9.41663622984461,False,Bullish Engulfing,85.0,A+,2.0,3.1296844908542587,34
CHOLAFIN,2022-02-16,-4.941114588689222,False,Pin Bar (Stopping Vol),80.0,A,2.0,0.6046835446924068,19
CUMMINSIND,2022-03-02,-2.9386553737964505,False,Pin Bar (Stopping Vol),80.0,A,2.2353842550058567,0.27161173092661006,5
JINDALSTEL,2022-03-09,9.71937392921236,True,Pin Bar (Stopping Vol),75.0,A,2.0,0.8660692478751167,12
POWERGRID,2022-03-28,5.601653161435105,True,Pin Bar (Stopping Vol),80.0,A,2.7569017428500295,0.6716210473574353,4
BANKBARODA,2022-03-23,10.908978951451909,True,Pin Bar (Stopping Vol),80.0,A,2.3904629240861577,0.6532375408633349,14
BEL,2022-04-01,6.318551044491172,True,Pin Bar (Stopping Vol),80.0,A,1.9935042271304122,0.8036808081480733,6
NATIONALUM,2022-02-23,-7.300739555834957,False,Bullish Engulfing,70.0,A,1.9999999999999982,1.421860106546802,61
JINDALSTEL,2022-04-29,-2.921858731643168,False,Pin Bar (Stopping Vol),80.0,A,1.659465480486362,0.9029598253996064,3
BAJAJ-AUTO,2022-04-26,-3.771528605031605,False,Bullish Engulfing,70.0,A,2.0,1.3653006447821636,8
VBL,2022-05-11,-4.219801855793859,False,Morning Star,75.0,A,2.0,0.8067316363502856,1
ADANIPOWER,2022-05-27,-12.243504996156796,False,Pin Bar (Stopping Vol),85.0,A+,2.0000000000000013,1.140943819151246,7
NHPC,2022-06-08,-4.3645579318798085,False,Morning Star,80.0,A,2.295372112868451,0.6519408386848822,2
ASHOKLEY,2022-06-07,-3.0825006421941525,False,Pin Bar (Stopping Vol),75.0,A,2.0,0.5614690093217437,6
HAL,2022-06-15,-3.0108976046328007,False,Bullish Engulfing,70.0,A,2.0,0.6641475958325821,1
EICHERMOT,2022-06-10,-4.266317953616561,False,Bullish Engulfing,70.0,A,2.0,0.5975009165201985,7
SIEMENS,2022-05-27,-3.5120312964125437,False,Pin Bar (Stopping Vol),70.0,A,1.910348901041648,0.5411483461174569,24
BDL,2022-06-07,-5.849526184538645,False,Pin Bar (Stopping Vol),75.0,A,2.369504853254022,0.5407106627694533,13
VBL,2022-06-28,14.492878481295769,True,Pin Bar (Stopping Vol),80.0,A,2.0,0.4291503981884065,22
PHOENIXLTD,2022-07-25,-4.198606936350102,False,Morning Star,75.0,A,2.0,0.7059308388030799,1
ASHOKLEY,2022-07-18,5.937076367953864,True,Bullish Engulfing,70.0,A,2.0,0.6493472883492137,11
ITC,2022-07-04,10.445721833552746,True,Bullish Engulfing,85.0,A+,2.0,2.7356262037075947,29
VBL,2022-07-29,6.677048674378305,True,Pin Bar (Stopping Vol),80.0,A,2.0,0.5405728933029378,4
NESTLEIND,2022-07-21,5.173791533744687,True,Pin Bar (Stopping Vol),75.0,A,2.0,1.063245638860604,14
PHOENIXLTD,2022-08-12,6.748796151788206,True,Pin Bar (Stopping Vol),95.0,A+,2.0,1.7059998555991431,10
DABUR,2022-08-16,-2.6529317108183403,False,Pin Bar (Stopping Vol),80.0,A,2.0,0.8679943744476395,10
KEI,2022-08-30,12.04094632474757,True,Bullish Engulfing,70.0,A,2.0,0.41353942499879864,13
UNOMINDA,2022-09-07,-3.8202979652847135,False,Pin Bar (Stopping Vol),80.0,A,2.0,0.713921904921821,8
PHOENIXLTD,2022-09-13,-3.1700161789756764,False,Bullish Engulfing,70.0,A,2.0,0.43335160948564116,2
CGPOWER,2022-09-12,7.744511457519243,True,Pin Bar (Stopping Vol),70.0,A,3.1180073790714027,0.7693479333722499,8
TIINDIA,2022-09-20,8.826720016289169,True,Pin Bar (Stopping Vol),75.0,A,2.0,0.4801043666559184,3
ITC,2022-09-20,-3.057551896921973,False,Bullish Engulfing,75.0,A,2.0,1.199187375905984,8
ADANIPOWER,2022-08-30,-10.990875000000011,False,Bullish Engulfing,70.0,A,2.0,0.4150399650463375,34
BRITANNIA,2022-10-06,-1.8047064955371672,False,Pin Bar (Stopping Vol),75.0,A,2.0,0.39613569736659304,1
COLPAL,2022-08-30,-6.027265877375276,False,Bullish Engulfing,85.0,A+,2.0,5.750814512225151,42
BRITANNIA,2022-10-10,-2.0519241210039563,False,Pin Bar (Stopping Vol),80.0,A,2.0,0.824960179543696,1
360ONE,2022-10-03,-7.280395252909145,False,Bullish Engulfing,70.0,A,2.0000000000000018,0.9350599236390461,22
VBL,2022-11-01,12.712264150943398,True,Pin Bar (Stopping Vol),70.0,A,4.705686238192852,0.7706044797392945,2
AXISBANK,2022-11-09,-2.2057697934264158,False,Pin Bar (Stopping Vol),80.0,A,2.0,0.7006935470275601,1
BDL,2022-11-07,-4.995587594057438,False,Bullish Engulfing,80.0,A,2.000000000000002,1.4967714551695839,7
PHOENIXLTD,2022-11-07,-8.626989378913851,False,Bullish Engulfing,80.0,A,2.0,1.0163269664012482,15
ABCAPITAL,2022-11-21,5.396288810990413,True,Pin Bar (Stopping Vol),80.0,A,2.0,0.4726639157633461,4
BEL,2022-10-27,-2.356460758424117,False,Pin Bar (Stopping Vol),85.0,A+,3.533711591049092,0.6682590747284756,49
360ONE,2022-12-16,-2.7536677738880355,False,Pin Bar (Stopping Vol),75.0,A,1.65613866076876,0.0914139817339068,4
ABCAPITAL,2022-12-19,-3.966666296664168,False,Pin Bar (Stopping Vol),80.0,A,2.0,0.5263980586461305,2
COCHINSHIP,2022-11-23,-10.841120651242854,False,Bullish Engulfing,90.0,A+,2.0,2.095044421811501,29
PIIND,2022-11-28,-2.053590473716338,False,Pin Bar (Stopping Vol),85.0,A+,4.032695909396062,0.43781952762898724,37
PNB,2023-01-06,-3.5626585380111653,False,Pin Bar (Stopping Vol),80.0,A,2.2549568104787308,0.5936471584295566,4
CGPOWER,2023-01-09,5.882352941176472,True,Pin Bar (Stopping Vol),75.0,A,3.052635368221659,0.6116261063605709,1
AXISBANK,2022-12-29,-1.9987157458481009,False,Pin Bar (Stopping Vol),75.0,A,2.0,0.4302018092713004,18
IDFCFIRSTB,2023-01-12,-3.597301321211266,False,Bullish Engulfing,70.0,A,1.8681231853197053,0.4738059291636431,13
JSWSTEEL,2022-11-30,-3.404714126992736,False,Bullish Engulfing,85.0,A+,2.0,1.5929511838938955,58
HINDZINC,2023-02-03,-5.448471385981235,False,Bullish Engulfing,80.0,A,2.0,1.0127125341015422,5
COFORGE,2023-02-07,-2.4133414700491462,False,Pin Bar (Stopping Vol),75.0,A,2.0,0.3420555692794235,6
PFC,2023-02-09,-2.097871891454939,False,Pin Bar (Stopping Vol),75.0,A,5.711793704870198,0.31640961573613946,4
HDFCBANK,2023-02-14,-1.422774774774771,False,Pin Bar (Stopping Vol),80.0,A,1.5910372373804813,0.37394127291777385,6
TCS,2023-02-16,-2.219377049495685,False,Bullish Engulfing,70.0,A,2.0,0.87239292367974,5
LT,2023-02-13,-1.9147123887938824,False,Bullish Engulfing,75.0,A,2.947203607871047,0.5865215381700866,11
BRITANNIA,2023-02-03,-5.296930672621425,False,Pin Bar (Stopping Vol),95.0,A+,2.0,4.918913829727514,26
PFC,2023-03-01,10.478696889298943,True,Bullish Engulfing,75.0,A,3.319020903279226,1.0924140944309721,5
CUMMINSIND,2023-03-06,3.429425883342696,True,Pin Bar (Stopping Vol),80.0,A,1.658935403740613,0.5181088290419095,2
GODREJCP,2023-02-02,-4.704589939421389,False,Pin Bar (Stopping Vol),95.0,A+,2.0,2.1087467307998162,36
VBL,2023-03-24,7.496371814900393,True,Pin Bar (Stopping Vol),75.0,A,2.0,0.6656259988853093,12
GODREJCP,2023-04-05,-3.0380186835512912,False,Pin Bar (Stopping Vol),75.0,A,2.0,0.7354338762329711,23
HAL,2023-04-06,5.981611450931856,True,Pin Bar (Stopping Vol),75.0,A,1.9377809612696628,0.5614058597019682,22
PFC,2023-04-06,8.052601059393316,True,Pin Bar (Stopping Vol),80.0,A,2.353763151876493,0.6265344059807223,26
ABCAPITAL,2023-05-11,-3.78909512761022,False,Pin Bar (Stopping Vol),75.0,A,2.0,0.7649846923661002,1
AUROPHARMA,2023-05-16,-2.921366158422789,False,Pin Bar (Stopping Vol),80.0,A,2.0,0.5451269531302886,2
ITC,2023-05-15,-1.933652026114252,False,Pin Bar (Stopping Vol),85.0,A+,2.0,1.1298563383945952,4
PRESTIGE,2023-05-25,-2.806743330054118,False,Pin Bar (Stopping Vol),75.0,A,2.000000000000004,0.4698787510998927,1
POLYCAB,2023-05-12,6.0297585801794895,True,Bullish Engulfing,85.0,A+,2.0,2.25598156895507,18
COFORGE,2023-05-26,5.83188733691713,True,Bullish Engulfing,70.0,A,2.0,0.7761652825802212,5
GLENMARK,2023-06-01,4.2307065105281705,True,Bullish Engulfing,70.0,A,2.0,0.34740857365523165,5
OFSS,2023-05-23,4.057473097857667,True,Pin Bar (Stopping Vol),80.0,A,1.99016442638297,0.3537638187768636,21
LT,2023-04-06,9.41875505299803,True,Bullish Engulfing,80.0,A,2.0,1.2252833877122749,85
ASTRAL,2023-06-26,-2.67619887701166,False,Pin Bar (Stopping Vol),80.0,A,2.0000000000000044,0.9009812059508718,8
POLYCAB,2023-05-31,7.377587881867753,True,Bullish Engulfing,70.0,A,2.0,0.9927086281767664,41
GODREJPROP,2023-06-27,7.138827677175708,True,Morning Star,80.0,A,2.0,0.6890756977912929,17
ABCAPITAL,2023-07-13,-4.134948375556213,False,Morning Star,80.0,A,2.0,0.9797047226093614,5
BAJFINANCE,2023-07-17,-1.9952935156703044,False,Pin Bar (Stopping Vol),75.0,A,2.0,0.6119642806909856,1
AUROPHARMA,2023-06-26,10.901007127827578,True,Bullish Engulfing,90.0,A+,2.0,1.9791198793911007,25
BAJFINANCE,2023-07-19,-1.721202279886902,False,Pin Bar (Stopping Vol),80.0,A,2.0,0.44376547012768425,7
HAL,2023-07-10,4.0968245974797535,True,Bullish Engulfing,70.0,A,1.6903953067861675,0.7329076732479111,21
HEROMOTOCO,2023-07-21,3.321214866221766,True,Pin Bar (Stopping Vol),80.0,A,1.6134091473129006,0.7937258287525714,10
HAL,2023-07-31,-3.3796821904051866,False,Bullish Engulfing,80.0,A,2.0000000000000036,1.3100187188919838,2
FORTIS,2023-07-31,-2.7076725272402347,False,Pin Bar (Stopping Vol),75.0,A,2.0,0.4641236447803636,2
ABCAPITAL,2023-07-25,-2.793810447980916,False,Bullish Engulfing,70.0,A,1.713866893375888,0.8083524021651867,13
POLYCAB,2023-08-04,-3.181326786456884,False,Pin Bar (Stopping Vol),80.0,A,1.8451277848235275,0.39297877088151956,7
OBEROIRLTY,2023-08-02,-4.749343221656533,False,Pin Bar (Stopping Vol),95.0,A+,2.0,2.460383619995063,12
GLENMARK,2023-08-17,-3.673893585280963,False,Pin Bar (Stopping Vol),80.0,A,2.0,0.9032398141981982,1
BEL,2023-08-08,4.8843617964803965,True,Pin Bar (Stopping Vol),75.0,A,2.0,0.5542748383788964,17
IDFCFIRSTB,2023-08-17,5.818597770382561,True,Pin Bar (Stopping Vol),80.0,A,2.0,0.5912789305939549,14
COFORGE,2023-08-30,8.05149562847296,True,Pin Bar (Stopping Vol),75.0,A,2.0,0.6418878510256243,7
RECLTD,2023-09-04,9.51018131766368,True,Pin Bar (Stopping Vol),75.0,A,2.0,0.4746413416447262,4
COFORGE,2023-09-14,-2.518042168401591,False,Pin Bar (Stopping Vol),80.0,A,2.0,0.17457360722122148,7
SHRIRAMFIN,2023-09-08,-2.2508638743455656,False,Pin Bar (Stopping Vol),85.0,A+,2.0,1.0259690841281985,17
ADANIPOWER,2023-09-22,-5.932028762254127,False,Bullish Engulfing,75.0,A,2.0,1.2090484385950881,11
IDFCFIRSTB,2023-09-26,-2.627366972612588,False,Pin Bar (Stopping Vol),80.0,A,2.4100070335157904,0.5435546753266118,8
PHOENIXLTD,2023-07-14,15.98681500947874,True,Bullish Engulfing,90.0,A+,2.0,4.6907086486680045,91
POLYCAB,2023-10-16,-2.8478255718373813,False,Bullish Engulfing,70.0,A,2.0,0.6970554195020526,3
LICHSGFIN,2023-10-10,-2.807814703857625,False,Pin Bar (Stopping Vol),75.0,A,2.0,0.5753113811392234,13
MCX,2023-10-27,9.574609878355812,True,Pin Bar (Stopping Vol),75.0,A,2.0,0.48256253594182186,7
UNIONBANK,2023-11-12,8.286074354127294,True,Pin Bar (Stopping Vol),85.0,A+,4.031537543677983,0.4093882578753137,3
MCX,2023-11-12,18.04148216367105,True,Bullish Engulfing,85.0,A+,2.0,2.2953063151564708,16
NBCC,2023-10-27,13.092932089276577,True,Pin Bar (Stopping Vol),85.0,A+,2.0,1.0479533755672683,34
BEL,2023-11-29,2.800740790534117,True,Pin Bar (Stopping Vol),75.0,A,2.0,0.8872864838386932,1
POLYCAB,2023-11-12,6.05604301199818,True,Pin Bar (Stopping Vol),75.0,A,2.625686404711509,0.4837900690853643,26
PERSISTENT,2023-11-15,4.750922766036614,True,Pin Bar (Stopping Vol),80.0,A,2.0,0.9430455507622353,27
GODREJPROP,2023-12-01,6.936442983190738,True,Bullish Engulfing,80.0,A,2.0,1.0916049743460698,13
RECLTD,2024-01-01,9.033138119785722,True,Pin Bar (Stopping Vol),85.0,A+,3.2235440050227204,0.39474652566136714,19
NBCC,2024-01-04,20.964396097284,True,Bullish Engulfing,90.0,A+,2.0000000000000013,4.258372397049784,19
RECLTD,2024-01-20,-6.464737991266379,False,Morning Star,95.0,A+,2.0,2.0591505154147844,3
ADANIPOWER,2024-01-23,-2.768382352941179,False,Pin Bar (Stopping Vol),75.0,A,1.7652551018051783,0.5145354329419976,1
COALINDIA,2023-12-20,13.404290114779592,True,Bullish Engulfing,85.0,A+,2.0,2.2613853224555647,44
RVNL,2024-02-07,-8.093114596246842,False,Pin Bar (Stopping Vol),80.0,A,2.0,0.3030995557044505,2
OIL,2024-02-14,15.1395827809808,True,Pin Bar (Stopping Vol),75.0,A,2.0,0.9536719547787983,1
GODFRYPHLP,2024-02-12,10.221516652704013,True,Pin Bar (Stopping Vol),80.0,A,2.0,0.37237383194833445,7
ABB,2024-02-21,7.544181034482755,True,Pin Bar (Stopping Vol),70.0,A,3.989093519505489,0.6601177248703056,1
HAL,2024-01-04,9.478367613246784,True,Bullish Engulfing,80.0,A,2.0,1.1020739871189291,55
BPCL,2024-02-26,-3.7556877106951214,False,Pin Bar (Stopping Vol),80.0,A,2.0,0.8281360176120679,2
ONGC,2024-02-15,-5.962626062883125,False,Morning Star,85.0,A+,1.999999999999998,1.2619868596984871,27
BPCL,2024-03-02,-3.45016753900379,False,Morning Star,85.0,A+,2.688331445231607,0.5612430633863332,11
CUMMINSIND,2024-03-07,-3.604545565044792,False,Pin Bar (Stopping Vol),80.0,A,2.0,0.44143575369935095,6
CDSL,2023-11-17,-8.192789013398238,False,Pin Bar (Stopping Vol),75.0,A,2.0,0.6725376636471869,118
SIEMENS,2024-03-18,-3.3439338353896897,False,Pin Bar (Stopping Vol),75.0,A,2.0,0.9467770036487464,1
ABB,2024-03-15,5.853806456437338,True,Pin Bar (Stopping Vol),80.0,A,2.0,0.40424428209502233,7
BEL,2024-03-22,8.729970126301279,True,Morning Star,80.0,A,2.0,1.2895217960399281,11
ZYDUSLIFE,2024-03-21,-4.301349758312522,False,Pin Bar (Stopping Vol),95.0,A+,2.0000000000000027,1.5986138689360547,25
OFSS,2024-03-18,-7.75491744609671,False,Bullish Engulfing,85.0,A+,2.0000000000000013,1.6033713476400975,29
BAJAJ-AUTO,2024-04-12,-2.077128037255749,False,Pin Bar (Stopping Vol),80.0,A,2.0,0.5696619021770833,4
BHEL,2024-02-15,25.252152214207246,True,Morning Star,85.0,A+,2.0,1.2190175326698307,77
ABB,2024-04-30,4.201538461538457,True,Pin Bar (Stopping Vol),80.0,A,2.022772708578751,0.44337672707884507,3
GODREJPROP,2024-05-06,4.171641791044789,True,Pin Bar (Stopping Vol),95.0,A+,1.779317514966577,2.329931499928128,1
HAL,2024-05-09,11.834210951647538,True,Bullish Engulfing,75.0,A,2.0,1.0162199301679946,7
BAJAJ-AUTO,2024-05-14,-2.167018316655067,False,Pin Bar (Stopping Vol),75.0,A,1.5769044533870284,0.8458031722497418,2
MOTILALOFS,2024-05-16,-4.153405201916483,False,Pin Bar (Stopping Vol),80.0,A,5.485919227843655,0.45915717343556756,6
PRESTIGE,2024-05-14,11.08831166710711,True,Pin Bar (Stopping Vol),85.0,A+,2.0,1.1427603409221454,9
GODREJPROP,2024-05-27,-5.316492358125247,False,Pin Bar (Stopping Vol),80.0,A,2.0,0.7741836724415069,2
BAJAJ-AUTO,2024-05-29,2.4050932687561533,True,Pin Bar (Stopping Vol),75.0,A,1.5223242106173815,0.6002323840399355,5
TRENT,2024-05-14,-4.142064416206326,False,Pin Bar (Stopping Vol),80.0,A,2.0,0.5488371590989208,21
BHEL,2024-05-14,-7.344499651686364,False,Morning Star,75.0,A,2.0,0.9914377295876676,21
PNB,2024-06-03,-6.814714879598394,False,Pin Bar (Stopping Vol),95.0,A+,2.731287209344487,1.536221732660211,1
GVT&D,2024-06-03,-10.425595967374946,False,Morning Star,95.0,A+,2.0,2.2469775613066654,3
OBEROIRLTY,2024-06-25,-4.340885780885784,False,Bullish Engulfing,80.0,A,2.000000000000003,1.2519194023101239,1
PHOENIXLTD,2024-06-06,20.93528888320446,True,Pin Bar (Stopping Vol),75.0,A,2.0,0.4933992856558589,33
KEI,2024-07-02,-2.763913427413045,False,Pin Bar (Stopping Vol),80.0,A,4.186354997931252,0.5271563302357352,16
GVT&D,2024-07-02,-8.929654051689118,False,Bullish Engulfing,70.0,A,2.0,0.640742967577525,20
BAJAJ-AUTO,2024-06-05,-6.444503444244775,False,Pin Bar (Stopping Vol),95.0,A+,2.0,1.7229268629500545,48
BLUESTARCO,2024-07-09,-12.0928104491273,False,Bullish Engulfing,85.0,A+,2.000000000000001,7.8839641995446215,14
PETRONET,2024-07-23,-2.9532869165728948,False,Pin Bar (Stopping Vol),85.0,A+,2.0,1.2396732365742988,1
PGEL,2024-07-23,18.84606082346698,True,Bullish Engulfing,70.0,A,2.0,0.48517774372811145,2
OFSS,2024-07-24,-6.788377562272974,False,Pin Bar (Stopping Vol),75.0,A,2.0,0.7921696413504677,9
CROMPTON,2024-07-25,-4.7392082833209725,False,Bullish Engulfing,85.0,A+,2.0,1.8815003781894934,11
ADANIPOWER,2024-06-06,-18.660724509864124,False,Pin Bar (Stopping Vol),95.0,A+,2.0,2.348819046619855,67
NAUKRI,2024-07-24,8.983385203995198,True,Pin Bar (Stopping Vol),75.0,A,2.0,0.6378389501003939,35
BEL,2024-08-21,-2.708193420871141,False,Pin Bar (Stopping Vol),75.0,A,4.233414301742031,0.49832679323807444,8
UNOMINDA,2024-08-29,9.42992235341984,True,Pin Bar (Stopping Vol),80.0,A,2.0,0.8761740689211382,4
360ONE,2024-08-19,-6.295694700697252,False,Morning Star,95.0,A+,1.7598909055988636,1.5453779133947887,38
LUPIN,2024-09-26,-2.003707529499821,False,Pin Bar (Stopping Vol),85.0,A+,1.7466245169532895,1.0700248138916921,1
HAVELLS,2024-09-30,-2.192963386500457,False,Pin Bar (Stopping Vol),85.0,A+,2.000000000000005,1.4589019755808368,1
AMBER,2024-10-01,13.020397952205176,True,Morning Star,75.0,A,2.0,0.7662782890418105,15
TECHM,2024-10-21,-5.882200802251091,False,Pin Bar (Stopping Vol),85.0,A+,2.0,1.2579437374854165,10
HCLTECH,2024-10-25,-4.234808029369375,False,Bullish Engulfing,70.0,A,2.0,0.8976471562983847,6
MPHASIS,2024-10-30,-2.861944661083904,False,Pin Bar (Stopping Vol),80.0,A,1.5613299906283176,0.24561569695980562,1
TECHM,2024-11-19,3.8742405245712375,True,Bullish Engulfing,70.0,A,1.8030076854298323,0.8843651972893471,6
AMBER,2024-11-19,-5.174838888057531,False,Bullish Engulfing,70.0,A,2.259517487445286,0.2811263316521147,9
COFORGE,2024-10-24,19.596954225855924,True,Morning Star,95.0,A+,2.0,5.803068116777106,49
OBEROIRLTY,2024-12-16,7.19183471439091,True,Pin Bar (Stopping Vol),80.0,A,2.0,0.35801081889186565,1
HDFCAMC,2024-12-16,-3.561204970812193,False,Pin Bar (Stopping Vol),80.0,A,2.0,0.46747416669085573,2
TECHM,2024-12-12,-1.513272809919031,False,Pin Bar (Stopping Vol),80.0,A,2.0,0.7118354814430995,7
AMBER,2024-12-19,12.060054110365147,True,Pin Bar (Stopping Vol),70.0,A,5.183821783359836,0.5166885793421274,4
CAMS,2024-12-20,-2.3656216755801984,False,Pin Bar (Stopping Vol),80.0,A,2.0,0.41175439354093135,3
BSE,2025-01-03,-3.102284219248308,False,Pin Bar (Stopping Vol),80.0,A,2.0,0.35149939979647166,3
360ONE,2024-12-26,-3.642011841629644,False,Pin Bar (Stopping Vol),75.0,A,2.0,0.4031678504655974,12
OFSS,2024-12-03,-5.657913065909959,False,Bullish Engulfing,80.0,A,2.0,1.0337847008901144,36
DIXON,2025-01-02,-3.5651152645130746,False,Pin Bar (Stopping Vol),80.0,A,2.0,0.6012509607466135,6
DIVISLAB,2025-01-20,-1.5893666104262905,False,Pin Bar (Stopping Vol),70.0,A,3.1096983753586187,0.41744550637294653,1
BSE,2025-01-23,-4.2610969936310745,False,Pin Bar (Stopping Vol),85.0,A+,2.0000000000000027,1.0151155523542246,4
BIOCON,2025-01-23,-3.6411108440796536,False,Pin Bar (Stopping Vol),75.0,A,2.0,0.43629606647367647,4
BHARTIARTL,2025-01-16,-1.8057502856613337,False,Pin Bar (Stopping Vol),70.0,A,2.5444404326162817,0.7151653044381256,15
TORNTPHARM,2025-01-29,-2.992048035456807,False,Pin Bar (Stopping Vol),75.0,A,1.6289678989398781,1.2568202006004405,2
ITC,2025-01-31,5.21856508582581,True,Bullish Engulfing,70.0,A,2.785977226797847,1.4249237664633752,1
MUTHOOTFIN,2025-02-05,-5.07514417423004,False,Morning Star,85.0,A+,2.0,1.3905813739063986,6
WIPRO,2025-02-04,-5.753387096774199,False,Bullish Engulfing,70.0,A,2.0,0.967541984080481,20
KOTAKBANK,2025-02-04,5.562973473641475,True,Pin Bar (Stopping Vol),80.0,A,2.0,0.2626917416135625,42
INDIGO,2025-03-05,9.317188758682216,True,Bullish Engulfing,75.0,A,2.0,1.033872576744738,15
SBICARD,2025-02-13,-6.677927272727269,False,Bullish Engulfing,80.0,A,2.0,1.1576967142133618,53
MAXHEALTH,2025-04-03,-2.3424609792616846,False,Pin Bar (Stopping Vol),85.0,A+,3.7747211013136006,0.36586416532009663,4
MAZDOCK,2025-04-03,-4.050649093234082,False,Pin Bar (Stopping Vol),75.0,A,2.0,0.46533409402630665,4
BAJAJFINSV,2025-02-03,19.24544327083748,True,Pin Bar (Stopping Vol),95.0,A+,2.0,1.6231849268236533,80
MANAPPURAM,2025-04-21,-2.7288243786170785,False,Bullish Engulfing,75.0,A,2.6049551900120256,0.349089069430689,4
MAZDOCK,2025-04-29,13.289177984617506,True,Bullish Engulfing,80.0,A,2.0,1.392471006195698,15
BAJAJFINSV,2025-05-06,-4.303911448741749,False,Morning Star,75.0,A,2.0,0.9286975410996325,29
MANAPPURAM,2025-04-29,5.978071049938882,True,Bullish Engulfing,70.0,A,1.628917561129735,0.7440240087145266,38
ICICIBANK,2025-05-19,-3.2025939029799666,False,Bullish Engulfing,75.0,A,2.0,1.448659638927556,25
CDSL,2025-06-23,-3.8501929945843223,False,Bullish Engulfing,70.0,A,2.0,0.47477997438799,32
BEL,2025-06-16,-5.001984816053318,False,Bullish Engulfing,80.0,A,2.0,1.1845541635185086,43
360ONE,2025-06-16,-8.711311313732606,False,Bullish Engulfing,85.0,A+,2.0,2.7121276231995557,45
CUMMINSIND,2025-08-05,4.71965623418118,True,Pin Bar (Stopping Vol),75.0,A,2.0,0.9607535399089937,3
MUTHOOTFIN,2025-06-30,-3.2717537236147565,False,Pin Bar (Stopping Vol),100.0,A+,2.0,2.192329986992649,43
MFSL,2025-08-12,6.6308987810869136,True,Pin Bar (Stopping Vol),70.0,A,2.5102850584484497,0.849763085386343,6
CUMMINSIND,2025-08-29,4.93176313309267,True,Pin Bar (Stopping Vol),80.0,A,2.0,0.9646789668757478,12
POLYCAB,2025-09-12,-2.239055645302379,False,Pin Bar (Stopping Vol),75.0,A,2.0,0.8917632247406897,3
SBIN,2025-08-11,4.146767509682059,True,Pin Bar (Stopping Vol),80.0,A,1.6336119629653476,1.4428781851131032,37
GVT&D,2025-09-01,10.97200871660986,True,Morning Star,80.0,A,2.0,0.789332862031214,21
POLYCAB,2025-09-16,4.857742187302039,True,Pin Bar (Stopping Vol),75.0,A,2.0,0.8080928131025543,6
RBLBANK,2025-09-22,-4.307070426162706,False,Bullish Engulfing,70.0,A,2.0,0.7925328461209891,9
UNOMINDA,2025-10-01,-3.698770581796951,False,Pin Bar (Stopping Vol),95.0,A+,2.0,1.851398953356186,8
POLYCAB,2025-10-06,3.6021141301016524,True,Pin Bar (Stopping Vol),80.0,A,2.0,0.5924345970440235,4
NMDC,2025-10-14,-1.7055699233246455,False,Pin Bar (Stopping Vol),75.0,A,2.0,0.5040523028875388,1
ABCAPITAL,2025-10-14,7.8861170502959155,True,Bullish Engulfing,80.0,A,2.0,1.0739482395596038,16
LTF,2025-09-30,10.933787775201775,True,Bullish Engulfing,85.0,A+,2.0,2.4571555163199106,34
MARUTI,2025-10-13,-2.8380331812023374,False,Bullish Engulfing,70.0,A,2.0,0.9141730085022665,21
MCX,2025-10-31,-2.5859013675031406,False,Pin Bar (Stopping Vol),75.0,A,2.0,0.6421381809795887,7
ADANIPOWER,2025-10-16,-5.394408057831046,False,Bullish Engulfing,75.0,A,2.8048473800469798,0.7117254620450237,25
NATIONALUM,2025-11-10,8.23045046437587,True,Bullish Engulfing,80.0,A,1.9999999999999976,1.2280653035353704,1
IDFCFIRSTB,2025-11-10,-4.121076137083691,False,Bullish Engulfing,75.0,A,2.0,1.0035444176605004,11
LTF,2025-11-25,4.374271120471707,True,Bullish Engulfing,70.0,A,1.5098690662394385,0.4959854408852108,1
PNB,2025-11-12,-2.483725850630991,False,Pin Bar (Stopping Vol),80.0,A,2.0,0.7208792434911427,21
EICHERMOT,2025-12-04,2.551849770811998,True,Pin Bar (Stopping Vol),75.0,A,2.0,0.5707652211143481,7
ASHOKLEY,2025-12-11,6.803048045613491,True,Pin Bar (Stopping Vol),80.0,A,2.0,0.5826065185033648,7
MUTHOOTFIN,2025-12-23,-1.678453898278076,False,Pin Bar (Stopping Vol),75.0,A,2.0,0.7609581787029742,6
SBIN,2025-12-17,2.963552979610373,True,Bullish Engulfing,70.0,A,1.9283928130987962,0.45296115239573903,16
BANKBARODA,2025-11-12,6.3324148838408645,True,Pin Bar (Stopping Vol),80.0,A,2.0,0.8650480454302321,54
MOTHERSON,2025-12-11,-4.24076900278636,False,Bullish Engulfing,70.0,A,2.0,0.5903739376768583,32
NMDC,2026-01-14,-2.1296933618621283,False,Pin Bar (Stopping Vol),75.0,A,2.0,0.5070797396436462,5
APLAPOLLO,2026-01-13,7.27605822174533,True,Pin Bar (Stopping Vol),80.0,A,2.0,0.9598002539579388,10
BANKBARODA,2026-01-14,-3.132823276111063,False,Pin Bar (Stopping Vol),75.0,A,2.0,0.7218784821450938,9
HINDALCO,2026-01-13,8.768546076601403,True,Morning Star,85.0,A+,2.0,1.2493700388360856,16
BAJAJ-AUTO,2026-01-30,-1.9840274201322727,False,Pin Bar (Stopping Vol),90.0,A+,1.7715528804576222,1.0750546592770713,2
SBIN,2026-02-09,0.943747180317267,True,Pin Bar (Stopping Vol),75.0,A,2.0,0.6804921174012241,1
NATIONALUM,2026-02-12,-2.5173144285290494,False,Pin Bar (Stopping Vol),80.0,A,2.0,0.41256231566634516,1
UNIONBANK,2026-02-09,4.704749530179941,True,Pin Bar (Stopping Vol),80.0,A,2.0,0.42917855941639077,8
AUBANK,2026-02-09,3.487518263590772,True,Pin Bar (Stopping Vol),70.0,A,1.6225020019265686,0.48129696502631875,10
UNIONBANK,2026-02-17,9.56234373759315,True,Bullish Engulfing,70.0,A,2.0,0.5676802617910613,7
ASHOKLEY,2026-02-23,-4.084283213590556,False,Bullish Engulfing,70.0,A,2.0,0.8564253408584984,7
SHRIRAMFIN,2026-02-25,-1.9425729472684397,False,Pin Bar (Stopping Vol),80.0,A,2.0,0.4698739087557413,5
BANKINDIA,2026-02-05,-5.731303263809407,False,Morning Star,85.0,A+,2.0,1.1920396327875908,32
ONGC,2026-03-09,-6.364117647058832,False,Pin Bar (Stopping Vol),85.0,A+,2.0,1.3025689258659536,1
OIL,2026-03-09,-5.814990059642156,False,Pin Bar (Stopping Vol),85.0,A+,1.9396696888007405,1.1400586700917603,1
TORNTPHARM,2026-03-10,-3.3628334557637363,False,Bullish Engulfing,75.0,A,2.0,1.0859012562834938,6
HINDALCO,2026-03-05,-5.694405610216924,False,Bullish Engulfing,70.0,A,1.5090905459784745,1.0124396024997864,14
JSWENERGY,2026-03-13,-8.813927163311364,False,Bullish Engulfing,75.0,A,2.0,6.595185908513197,10
BSE,2026-03-17,-4.381600031078681,False,Bullish Engulfing,75.0,A,2.5870892664087015,0.9310199691524422,6
ONGC,2026-03-20,7.604531602531805,True,Bullish Engulfing,80.0,A,2.006774811755775,1.0746353332983978,12
LUPIN,2026-03-25,-3.317759439666723,False,Pin Bar (Stopping Vol),85.0,A+,2.0,1.2828278846931171,7
MCX,2026-02-03,13.947579816001388,True,Bullish Engulfing,75.0,A,2.0,1.727076935993594,71
INDIANB,2026-04-08,7.52800351416647,True,Pin Bar (Stopping Vol),70.0,A,2.7674375935117865,0.7796554842491563,7
ABB,2026-05-04,-3.2748848272032727,False,Pin Bar (Stopping Vol),80.0,A,2.0,0.6833101668911399,3
POLYCAB,2026-05-04,6.526744512804861,True,Pin Bar (Stopping Vol),80.0,A,2.292942949469291,0.9425254476267692,3
AUROPHARMA,2026-04-06,11.74975816785908,True,Pin Bar (Stopping Vol),85.0,A+,2.0,1.1149888932740815,32
OFSS,2026-05-18,7.359902831333276,True,Bullish Engulfing,70.0,A,2.0,0.6994773815562297,1
CUMMINSIND,2026-05-04,8.036590691696844,True,Pin Bar (Stopping Vol),80.0,A,2.0,0.6734602031631735,23
CGPOWER,2026-05-07,9.446711030011468,True,Pin Bar (Stopping Vol),95.0,A+,2.0,2.33886143178734,20
HINDZINC,2026-05-27,-3.368479368022126,False,Bullish Engulfing,80.0,A,2.0,1.2087283210458248,5
NAM-INDIA,2026-06-04,-3.746346150883928,False,Pin Bar (Stopping Vol),85.0,A+,2.0,1.0599398140705847,4
HINDALCO,2026-05-21,-5.677327750978433,False,Bullish Engulfing,85.0,A+,2.0,2.415354242824373,20
RBLBANK,2026-04-29,11.92676880795498,True,Bullish Engulfing,85.0,A+,2.0,1.982596438962712,44
GVT&D,2026-06-03,12.617294150901648,True,Pin Bar (Stopping Vol),85.0,A+,2.0,1.388386984505351,16
NMDC,2026-05-14,-6.310921862640317,False,Morning Star,100.0,A+,2.0,1.670163088113021,40
CUMMINSIND,2026-06-23,-3.190306574234403,False,Pin Bar (Stopping Vol),90.0,A+,1.5582157410910291,1.086879995807762,1
CGPOWER,2026-06-15,4.977952487890169,True,Pin Bar (Stopping Vol),80.0,A,2.0,0.7135551911281934,16
NAM-INDIA,2026-06-15,9.440655786088548,True,Morning Star,75.0,A,2.0,0.7792219280747258,17
ADANIPOWER,2026-06-19,-6.035398101813594,False,Bullish Engulfing,80.0,A,1.5056032427722843,1.228535449764502,17
ADANIGREEN,2026-06-15,5.918966822140881,True,Pin Bar (Stopping Vol),80.0,A,2.0,0.44658966183973536,29
PNBHOUSING,2026-07-20,-3.1403424219855203,False,Pin Bar (Stopping Vol),80.0,A,2.0,0.4998558746866742,3
LAURUSLABS,2026-07-10,10.5472097341355,True,Morning Star,80.0,A,2.0,0.7570506381411851,17
SIEMENS,2026-07-31,4.9100621730946425,True,Pin Bar (Stopping Vol),75.0,A,1.819868118833251,0.6291068760556775,3
APOLLOHOSP,2026-07-28,-1.6574847897326883,False,Pin Bar (Stopping Vol),80.0,A,2.0,0.486280400618561,14
NAM-INDIA,2026-08-13,-1.7605678014008808,False,Pin Bar (Stopping Vol),80.0,A,2.2675100348300266,0.6230514816739007,1
