symbol,entry_date,exit_date,ret_pct,r_multiple_reached,reached_1R,reached_1_5R,reached_2R
OBEROIRLTY,2021-07-29,2021-07-30,-4.093866901887888,0.4909287049117082,False,False,False
MOTILALOFS,2021-07-29,2021-07-30,-6.353318168741106,0.27971156489931664,False,False,False
BAJAJHLDNG,2021-07-27,2021-08-02,4.146318077054523,2.2335157313108125,True,True,True
GODREJPROP,2021-07-29,2021-08-02,5.662578739474533,2.6817396677061787,True,True,True
TORNTPHARM,2021-08-09,2021-08-10,-2.9517794164796385,0.0,False,False,False
RADICO,2021-08-12,2021-08-23,-6.286247541672263,0.6798587343463041,False,False,False
JUBLFOOD,2021-08-30,2021-09-02,6.496830615274796,2.2661760377526816,True,True,True
ICICIPRULI,2021-08-12,2021-09-08,9.128428801921997,2.0316658757508397,True,True,True
GAIL,2021-09-14,2021-09-15,4.86311655307845,4.132931153093074,True,True,True
CROMPTON,2021-08-30,2021-09-16,7.314187372270631,3.6175028291210825,True,True,True
MPHASIS,2021-09-14,2021-09-23,11.505471512135124,2.1582330551582496,True,True,True
COLPAL,2021-09-13,2021-09-24,-2.8573946100531766,0.2023925570476174,False,False,False
TCS,2021-09-22,2021-09-27,-1.6790472599520712,1.0019673158062086,True,False,False
SUPREMEIND,2021-09-23,2021-10-05,7.787090959904575,3.5869620399620525,True,True,True
VOLTAS,2021-10-04,2021-10-07,4.243494293984607,2.5997946837666595,True,True,True
NAUKRI,2021-10-08,2021-10-11,-2.0370398196844497,1.6412790912108548,True,True,False
HINDALCO,2021-10-04,2021-10-14,6.1819437761433615,2.3738750992648874,True,True,True
HDFCBANK,2021-10-06,2021-10-14,3.414995339445848,3.2798401224563176,True,True,True
BAJAJHLDNG,2021-10-19,2021-10-20,-2.155933517923725,1.0096259447448834,True,False,False
BHEL,2021-11-02,2021-11-10,-5.272549346469679,0.5558374688374617,False,False,False
BAJAJHLDNG,2021-10-29,2021-11-11,5.154639175257736,2.394562026880889,True,True,True
ASTRAL,2021-11-09,2021-11-11,-2.9118007589005623,0.5573549980366347,False,False,False
PFC,2021-11-12,2021-11-15,-3.762847734586461,0.2407362500373984,False,False,False
TMPV,2021-11-02,2021-11-17,4.630824372759856,0.7997101773236871,False,False,False
SHRIRAMFIN,2021-11-16,2021-11-22,-3.5132419579077867,0.5419497048111162,False,False,False
INFY,2021-11-12,2021-11-24,-2.1681519126814486,1.7337763589694724,True,True,False
PGEL,2021-10-27,2021-11-25,18.745565364094308,2.097891052268004,True,True,True
ADANIENT,2021-12-02,2021-12-06,-3.6710032607002896,0.5281772538995083,False,False,False
COFORGE,2021-12-03,2021-12-06,-2.8870892015833927,0.13008773689568132,False,False,False
HINDZINC,2021-11-24,2021-12-17,-4.428604800703317,2.6842027646474644,True,True,True
HAVELLS,2021-12-02,2021-12-17,-4.6515039858764045,0.743368028714092,False,False,False
SUPREMEIND,2021-12-08,2021-12-17,-3.2002781571037864,1.254269701440847,True,False,False
BLUESTARCO,2021-12-24,2021-12-28,-3.94867547558323,0.37367645800220056,False,False,False
TORNTPHARM,2021-12-21,2021-12-31,5.011638777848382,2.0880751498145997,True,True,True
NHPC,2022-01-06,2022-01-07,-1.774132492113567,1.5113798008534807,True,True,False
BLUESTARCO,2021-12-29,2022-01-11,-5.910098194349667,0.6713797166788712,False,False,False
DLF,2022-01-07,2022-01-12,5.323411305160652,2.0801127527272163,True,True,True
INDIGO,2022-01-04,2022-01-27,-4.968455732019706,1.494659597639605,True,False,False
CHOLAFIN,2022-02-16,2022-03-07,-4.941114588689222,0.846278249141005,False,False,False
CUMMINSIND,2022-03-02,2022-03-07,-2.9386553737964505,0.7913066650717074,False,False,False
JINDALSTEL,2022-03-09,2022-03-21,9.71937392921236,2.1943815085755864,True,True,True
NTPC,2022-03-22,2022-04-04,7.794433233781062,5.359126802892705,True,True,True
OBEROIRLTY,2022-03-23,2022-04-06,8.366746178054708,2.451622807907041,True,True,True
CHOLAFIN,2022-04-19,2022-04-20,-3.0726787053343974,1.287293079974346,True,False,False
TIINDIA,2022-04-11,2022-04-26,10.867398820426532,3.836599635333728,True,True,True
BAJAJ-AUTO,2022-04-26,2022-05-04,-3.771528605031605,1.8909420295583166,True,True,False
TATACONSUM,2022-05-04,2022-05-05,-2.711911445922388,0.04912017963709644,False,False,False
VBL,2022-05-11,2022-05-12,-4.219801855793859,0.13735819675153044,False,False,False
ADANIPOWER,2022-05-27,2022-06-03,-12.243504996156796,0.48340113505097804,False,False,False
NHPC,2022-06-08,2022-06-10,-4.3645579318798085,0.1500784985506706,False,False,False
SIEMENS,2022-05-27,2022-06-20,-3.5120312964125437,1.2787309390444672,True,False,False
BDL,2022-06-07,2022-06-20,-5.849526184538645,1.0956404594016187,True,False,False
VBL,2022-06-28,2022-07-20,14.492878481295769,2.055859215701916,True,True,True
PHOENIXLTD,2022-07-25,2022-07-26,-4.198606936350102,0.10626076194537594,False,False,False
ASHOKLEY,2022-07-18,2022-07-29,5.937076367953864,1.9223891273247586,True,True,False
ASHOKLEY,2022-08-04,2022-08-05,-3.439410038943713,0.1413154982795627,False,False,False
PHOENIXLTD,2022-08-12,2022-08-22,6.748796151788206,0.8830105021887392,False,False,False
NESTLEIND,2022-08-25,2022-08-29,-2.1474386705053305,0.07671646645032527,False,False,False
SBILIFE,2022-09-06,2022-09-07,2.739097061837037,1.9453322225392993,True,True,False
SIEMENS,2022-09-07,2022-09-15,5.675469326875637,2.0261343546813664,True,True,True
CGPOWER,2022-09-12,2022-09-20,7.744511457519243,4.689832952369296,True,True,True
AXISBANK,2022-10-10,2022-10-14,7.474880496991854,3.2907484880007374,True,True,True
SRF,2022-10-21,2022-10-24,-2.0056300578034647,0.34584723927441235,False,False,False
BAJAJHLDNG,2022-10-28,2022-11-23,-2.0700208529362274,3.311895205327999,True,True,True
MCX,2022-11-23,2022-11-24,4.142958642439987,1.9714892326357312,True,True,False
DABUR,2022-11-28,2022-11-29,3.8509883796153934,3.3485663234753806,True,True,True
UPL,2022-12-05,2022-12-09,-2.6705586444267797,0.9269632288062566,False,False,False
BEL,2022-10-27,2022-12-15,-2.356460758424117,2.5513559562647283,True,True,True
FEDERALBNK,2022-12-13,2022-12-15,3.8638951119288834,2.7033924144396186,True,True,True
NESTLEIND,2022-12-21,2022-12-27,-1.9506612290836167,0.6331054086188482,False,False,False
SBIN,2022-12-28,2023-01-10,-2.0236727288108547,1.3251643511288658,True,False,False
PNB,2023-01-06,2023-01-10,-3.5626585380111653,0.17294126518576933,False,False,False
IDFCFIRSTB,2023-01-12,2023-01-25,-3.597301321211266,0.7377419672460175,False,False,False
JSWSTEEL,2022-11-30,2023-01-27,-3.404714126992736,1.8305520168364358,True,True,False
HEROMOTOCO,2023-01-18,2023-01-27,-1.8558249437076848,0.7636405074898702,False,False,False
SUPREMEIND,2022-11-01,2023-02-06,22.714228213573985,2.047052107542788,True,True,True
PFC,2023-02-09,2023-02-13,-2.097871891454939,0.6810823120032684,False,False,False
IOC,2023-02-17,2023-02-21,-1.7371754606363532,0.749462326202865,False,False,False
ABCAPITAL,2023-02-15,2023-02-22,-2.60093060466502,0.6754198243195755,False,False,False
PFC,2023-02-15,2023-03-06,11.683627257839934,2.0205556719621103,True,True,True
CUMMINSIND,2023-03-06,2023-03-08,3.429425883342696,2.0042045103112227,True,True,True
SIEMENS,2023-03-17,2023-04-26,5.1472762595936805,2.064370902091001,True,True,True
HAL,2023-04-06,2023-04-28,5.981611450931856,2.0673854794936393,True,True,True
MARUTI,2023-05-02,2023-05-08,4.701039997739809,4.637077834604086,True,True,True
ONGC,2023-05-05,2023-05-10,3.2398140027473987,2.3790800801558354,True,True,True
COALINDIA,2023-05-09,2023-05-17,3.157386831219111,1.6740392029544242,True,True,False
HAVELLS,2023-05-25,2023-06-01,6.068968198491942,2.0964255674524432,True,True,True
BDL,2023-05-30,2023-06-01,5.811103436022092,2.1402221446662466,True,True,True
ICICIBANK,2023-06-01,2023-06-02,-1.6380403458213233,0.0,False,False,False
OFSS,2023-05-18,2023-06-13,4.739076535923781,3.391902293523716,True,True,True
SBIN,2023-05-26,2023-06-13,-1.3852805460166209,1.5409376359600055,True,True,False
HCLTECH,2023-06-15,2023-06-21,2.91316237967687,2.124565563827514,True,True,True
GAIL,2023-06-16,2023-06-22,-1.6506362025616172,0.630207093459353,False,False,False
SUNPHARMA,2023-06-22,2023-06-23,-1.3769853798489051,0.06285976242828886,False,False,False
ASTRAL,2023-06-26,2023-07-04,-2.67619887701166,0.5768461708475423,False,False,False
DALBHARAT,2023-06-27,2023-07-07,-2.499178893321208,0.6396568350601288,False,False,False
IDFCFIRSTB,2023-06-27,2023-07-11,5.5683136239043085,2.0675953031586873,True,True,True
ABCAPITAL,2023-07-13,2023-07-18,-4.134948375556213,0.08286259559799153,False,False,False
INDUSINDBK,2023-06-26,2023-07-19,9.27214366684941,2.003879331462794,True,True,True
CIPLA,2023-07-19,2023-07-26,3.753346596143947,2.3191308831047897,True,True,True
AMBER,2023-07-25,2023-07-26,-2.116285836816878,3.474004606412792,True,True,True
CUMMINSIND,2023-06-26,2023-07-31,6.029143299095363,2.041786319790042,True,True,True
SUPREMEIND,2023-08-02,2023-08-03,-3.1296020749647546,0.04224531532399583,False,False,False
JINDALSTEL,2023-08-08,2023-08-11,3.9802697450958657,2.9191196749986226,True,True,True
SAIL,2023-08-10,2023-08-11,-2.950930608762081,0.15288412755984146,False,False,False
ICICIPRULI,2023-07-25,2023-08-14,-4.266489804712126,0.46827905151554494,False,False,False
POWERGRID,2023-08-16,2023-08-18,-2.285766000106904,0.5210047852181279,False,False,False
NMDC,2023-08-14,2023-08-22,3.801957243904441,2.0214160839160806,True,True,True
BEL,2023-08-08,2023-08-25,4.8843617964803965,2.6685782269964484,True,True,True
ASHOKLEY,2023-08-16,2023-09-01,-3.5870566296575923,0.4825297272520129,False,False,False
DIXON,2023-09-01,2023-09-22,-4.401584784305024,0.8961531161722098,False,False,False
UNOMINDA,2023-09-04,2023-09-22,-3.2782467532467496,1.287511141923346,True,False,False
BAJFINANCE,2023-08-29,2023-09-25,6.3396127995073215,3.888990060254499,True,True,True
OFSS,2023-09-14,2023-09-28,-3.872552980541821,0.9903958160196248,False,False,False
TATAPOWER,2023-09-28,2023-10-04,-2.275992366412216,0.754641042410827,False,False,False
FORTIS,2023-10-18,2023-10-19,-1.6068141582244788,0.06724374441269779,False,False,False
CONCOR,2023-10-17,2023-10-20,-2.218524305555547,0.2934570809237256,False,False,False
BHEL,2023-10-17,2023-10-20,-4.023394224808563,0.3087998088494486,False,False,False
LICHSGFIN,2023-10-10,2023-10-23,-2.807814703857625,0.7914432518174567,False,False,False
HDFCAMC,2023-11-15,2023-11-17,4.775453812222041,2.7297138861085166,True,True,True
BRITANNIA,2023-11-29,2023-12-01,4.7609803296410735,2.262107216566127,True,True,True
POLYCAB,2023-11-12,2023-12-08,6.05604301199818,2.4707475379510178,True,True,True
INFY,2023-11-29,2023-12-15,4.625457617572493,5.0959323472356735,True,True,True
BLUESTARCO,2023-11-15,2023-12-20,-3.6725476834824633,1.9150288078537148,True,True,False
ICICIGI,2023-12-14,2023-12-20,-2.655829351535832,0.2043286838919618,False,False,False
ONGC,2023-12-15,2023-12-20,3.6516945097583298,3.2935067432747407,True,True,True
ITC,2023-12-15,2023-12-21,-2.8856130217905007,0.08188294378281297,False,False,False
GLENMARK,2023-11-24,2024-01-02,12.28752210771491,4.875151896750057,True,True,True
AMBER,2024-01-01,2024-01-02,-2.507578446909664,0.0,False,False,False
MCX,2024-01-04,2024-01-05,-2.077771895199587,0.5983606371007029,False,False,False
CUMMINSIND,2024-01-03,2024-01-09,4.854017683371215,2.004103291968876,True,True,True
SBILIFE,2024-01-15,2024-01-16,-1.9554979440969733,0.023077283119574504,False,False,False
CUMMINSIND,2024-01-09,2024-01-18,-2.5526312571185983,1.5947666589616751,True,True,False
RECLTD,2024-01-01,2024-01-20,9.033138119785722,4.61392595731068,True,True,True
RECLTD,2024-01-20,2024-01-23,-6.464737991266379,0.8105780434672478,False,False,False
SIEMENS,2024-01-03,2024-01-29,4.571817782187448,2.579280222254469,True,True,True
TITAN,2024-01-25,2024-01-31,-2.192349446033681,1.1994315529817579,True,False,False
CANBK,2024-01-19,2024-02-01,9.428082217152989,2.0637942705688936,True,True,True
OIL,2024-01-19,2024-02-06,15.957493233932365,3.3164801640936545,True,True,True
PATANJALI,2024-02-12,2024-02-13,-3.575177068444957,0.04364220762461919,False,False,False
GRASIM,2024-02-12,2024-02-14,-6.615021002528043,0.07940001965658848,False,False,False
DIXON,2024-02-12,2024-02-19,4.926291290011808,2.565004028246546,True,True,True
ASHOKLEY,2024-02-05,2024-02-22,-4.635555555555548,1.3750820003027735,True,False,False
VEDL,2024-02-15,2024-02-26,-7.16918710657537,0.016654437129752172,False,False,False
SBILIFE,2024-02-23,2024-03-14,-3.3048526370370035,1.036775559976822,True,False,False
CIPLA,2024-02-23,2024-03-20,-2.8603198598497026,1.426421744841167,True,False,False
PIDILITIND,2024-03-21,2024-04-01,5.748457788641637,2.112255438379159,True,True,True
GLENMARK,2024-03-21,2024-04-08,9.11114273854814,2.4948112253950034,True,True,True
BAJAJ-AUTO,2024-04-12,2024-04-16,-2.077128037255749,0.5608820973900658,False,False,False
BHEL,2024-02-15,2024-05-02,25.252152214207246,2.3610138003711625,True,True,True
ABB,2024-04-30,2024-05-03,4.201538461538457,1.7737176632921134,True,True,False
FORTIS,2024-05-03,2024-05-06,5.788288288288279,2.712329327956442,True,True,True
HAL,2024-05-09,2024-05-16,11.834210951647538,3.2764428668659638,True,True,True
BAJAJ-AUTO,2024-05-14,2024-05-16,-2.167018316655067,0.3899017404945162,False,False,False
NMDC,2024-05-14,2024-05-21,9.571689789958594,2.289408717522521,True,True,True
MOTHERSON,2024-05-17,2024-05-21,3.926609793151825,1.7077162344857102,True,True,False
AMBUJACEM,2024-01-29,2024-05-24,14.339528105630794,1.8869496762253164,True,True,False
TIINDIA,2024-05-24,2024-05-29,-4.255799674090111,0.12644598917385572,False,False,False
OFSS,2024-05-13,2024-05-30,-2.778583142079527,1.66360980381625,True,True,False
NAUKRI,2024-05-21,2024-05-30,-6.2859735529406935,0.6349236127018868,False,False,False
ABCAPITAL,2024-05-17,2024-06-04,-2.0891077789160217,2.385498482999915,True,True,True
360ONE,2024-06-13,2024-06-19,1.7034313725490249,1.2307676691290483,True,False,False
MARICO,2024-06-19,2024-06-21,-1.9986283891547,0.28727835676780195,False,False,False
PFC,2024-06-12,2024-06-24,-3.423362550412101,1.2236569900454146,True,False,False
KEI,2024-06-28,2024-07-01,-2.2962406181015416,0.0,False,False,False
PHOENIXLTD,2024-06-06,2024-07-09,20.93528888320446,2.1692031095395437,True,True,True
SIEMENS,2024-07-11,2024-07-15,-4.39906353408338,0.0,False,False,False
SUPREMEIND,2024-07-01,2024-07-18,-4.263556840487548,1.2291130191173167,True,False,False
KEI,2024-07-02,2024-07-18,-2.763913427413045,2.026114654361566,True,True,True
LT,2024-07-09,2024-07-22,-1.828331215521972,0.604607629598656,False,False,False
GRASIM,2024-07-23,2024-08-05,-4.658100903238271,0.3750134564733273,False,False,False
PATANJALI,2024-07-22,2024-08-06,9.47595869154867,2.7480140936717685,True,True,True
PGEL,2024-07-24,2024-08-16,23.66309415539296,2.0706738398420876,True,True,True
CIPLA,2024-06-05,2024-08-27,8.091893953987706,1.747275098906808,True,True,False
ASIANPAINT,2024-08-12,2024-09-06,6.495597361757999,2.279169002817427,True,True,True
SRF,2024-08-30,2024-09-09,-2.2144554609050515,1.651614464532981,True,True,False
BSE,2024-09-10,2024-09-16,8.552358209873589,4.910093891871298,True,True,True
TCS,2024-09-13,2024-09-18,-2.6026163208653808,0.05405461123192567,False,False,False
CUMMINSIND,2024-08-16,2024-09-19,-2.5565348049497394,1.8542746429670163,True,True,False
360ONE,2024-08-19,2024-09-26,-6.295694700697252,0.5967095911384018,False,False,False
LUPIN,2024-09-26,2024-09-27,-2.003707529499821,0.08328181604598131,False,False,False
HINDUNILVR,2024-09-26,2024-10-01,-2.2582916436231004,0.951271716270452,False,False,False
ICICIPRULI,2024-09-26,2024-10-03,-2.277907960070835,1.0786209615478124,True,False,False
COALINDIA,2024-09-27,2024-10-04,-1.8634353885560784,0.9765325444431003,False,False,False
AMBER,2024-10-01,2024-10-16,13.020397952205176,2.4405803010924108,True,True,True
NTPC,2024-10-15,2024-10-17,-1.8495761642044029,0.2964031700458579,False,False,False
PERSISTENT,2024-10-14,2024-10-22,-5.710877628995026,0.58366045517326,False,False,False
NTPC,2024-10-21,2024-10-22,-3.121903963273132,0.13503883983492396,False,False,False
TECHM,2024-10-21,2024-10-31,-5.882200802251091,0.16386701733529993,False,False,False
MPHASIS,2024-10-30,2024-10-31,-2.861944661083904,0.09460567965324931,False,False,False
HDFCBANK,2024-08-19,2024-11-25,9.55056179775282,5.566360405070103,True,True,True
COFORGE,2024-10-24,2024-12-12,19.596954225855924,2.230595258906137,True,True,True
KOTAKBANK,2024-12-16,2024-12-20,-3.731978344020193,0.012829105138666525,False,False,False
TRENT,2024-12-27,2024-12-30,-2.350316856780743,0.7972030486051168,False,False,False
MUTHOOTFIN,2024-12-30,2025-01-01,4.038530862156131,3.3375056043221965,True,True,True
APOLLOHOSP,2024-12-03,2025-01-07,6.201790439727506,1.4849691286721842,True,False,False
UNOMINDA,2025-01-08,2025-01-13,-3.676419472183756,1.099074290676038,True,False,False
BSE,2025-01-23,2025-01-27,-4.2610969936310745,0.8477674238481031,False,False,False
MUTHOOTFIN,2025-02-05,2025-02-11,-5.07514417423004,0.2379935755295579,False,False,False
WIPRO,2025-02-04,2025-02-24,-5.753387096774199,0.305570351265733,False,False,False
MUTHOOTFIN,2025-03-17,2025-03-19,4.605734767025105,2.377382180282347,True,True,True
SHRIRAMFIN,2025-04-04,2025-04-07,-4.83010814482684,0.07036811384592537,False,False,False
BAJAJFINSV,2025-02-03,2025-04-24,19.24544327083748,2.0335664441546406,True,True,True
GRASIM,2025-04-28,2025-05-09,-2.780851249434701,0.35986386001953596,False,False,False
MAZDOCK,2025-04-29,2025-05-14,13.289177984617506,2.1346681242157453,True,True,True
INDIANB,2025-05-13,2025-05-19,5.40623601721788,2.658647609036236,True,True,True
RELIANCE,2025-05-26,2025-06-02,-2.289705441943646,0.13124472958581235,False,False,False
RADICO,2025-04-28,2025-06-04,10.32200257070981,2.4582019559872217,True,True,True
BAJAJFINSV,2025-05-06,2025-06-04,-4.303911448741749,0.31710538305618763,False,False,False
ICICIBANK,2025-05-23,2025-06-10,-1.5798123062066516,1.039785763862517,True,False,False
CIPLA,2025-06-24,2025-07-08,-1.8903597010212716,0.6092851624541888,False,False,False
BANKBARODA,2025-06-27,2025-07-16,3.998048302000568,1.6757712153510946,True,True,False
MARUTI,2025-07-17,2025-07-18,-1.400917166531945,0.2069108465527723,False,False,False
360ONE,2025-07-17,2025-07-22,-2.301304774546153,0.7730919566534359,False,False,False
CDSL,2025-06-23,2025-07-25,-3.8501929945843223,1.8286503762629212,True,True,False
BEL,2025-06-16,2025-07-29,-5.001984816053318,1.8712671352085721,True,True,False
CUMMINSIND,2025-08-05,2025-08-08,4.71965623418118,3.6893293610128457,True,True,True
MFSL,2025-08-12,2025-08-18,6.6308987810869136,2.701601043006865,True,True,True
ICICIGI,2025-08-20,2025-08-22,-2.608817705030353,0.6106717020882043,False,False,False
RADICO,2025-08-18,2025-09-05,-3.770721822183043,0.6320253973103176,False,False,False
LT,2025-09-04,2025-09-05,-1.9327058433851296,0.028563267637817774,False,False,False
HINDUNILVR,2025-09-10,2025-09-12,-1.715126197437267,0.1351236391289098,False,False,False
CUMMINSIND,2025-09-04,2025-09-18,6.254624551442145,2.0870151987403993,True,True,True
GVT&D,2025-09-01,2025-09-22,10.97200871660986,2.174323140891327,True,True,True
RADICO,2025-09-25,2025-09-26,-2.445365631291652,0.6214943223094352,False,False,False
UNOMINDA,2025-10-01,2025-10-09,-3.698770581796951,1.5237758197391815,True,True,False
POLYCAB,2025-10-06,2025-10-10,3.6021141301016524,2.7342214870972716,True,True,True
TVSMOTOR,2025-10-10,2025-10-13,-1.739060217770294,0.5552262120718954,False,False,False
RBLBANK,2025-10-01,2025-10-15,7.39917716602303,2.3407264294099934,True,True,True
ABCAPITAL,2025-10-14,2025-10-30,7.8861170502959155,2.3242350046584845,True,True,True
ZYDUSLIFE,2025-10-27,2025-10-30,-2.4154802427112543,0.14704620927126474,False,False,False
LTF,2025-09-30,2025-11-03,10.933787775201775,2.3444308688107225,True,True,True
AMBER,2025-10-10,2025-11-03,-4.378178144392441,0.7827928906914886,False,False,False
NATIONALUM,2025-11-10,2025-11-11,8.23045046437587,1.8557989122445966,True,True,False
BHARATFORG,2025-11-10,2025-11-11,3.752282729844469,3.5182619968706828,True,True,True
MANAPPURAM,2025-11-20,2025-11-24,-2.664786875154146,0.06811555696139555,False,False,False
NESTLEIND,2025-11-12,2025-11-25,-1.5551852057392068,0.8603826490601839,False,False,False
LTF,2025-11-25,2025-11-26,4.374271120471707,1.574150662090916,True,True,False
PNB,2025-11-12,2025-12-03,-2.483725850630991,1.610813989646219,True,True,False
CHOLAFIN,2025-12-30,2026-01-02,3.188067024747676,2.9575117320157807,True,True,True
MARICO,2025-12-15,2026-01-05,4.8930921052631415,3.6960785903026583,True,True,True
NMDC,2026-01-14,2026-01-19,-2.1296933618621283,0.8179141695626628,False,False,False
PETRONET,2026-01-14,2026-01-19,-2.700689198734896,0.11476954755430832,False,False,False
UNIONBANK,2026-02-09,2026-02-17,4.704749530179941,1.3224230906570962,True,False,False
MARICO,2026-02-09,2026-02-18,2.902374670184704,2.1185094167743537,True,True,True
RBLBANK,2026-02-12,2026-02-19,5.747799383406194,3.525682087563982,True,True,True
SBILIFE,2026-02-13,2026-02-23,3.462481608631673,2.0668503867010357,True,True,True
OIL,2026-02-24,2026-02-25,-2.372029567847822,0.1607787390174964,False,False,False
COALINDIA,2026-02-24,2026-03-02,-2.434185867222272,1.0646885835875344,True,False,False
BLUESTARCO,2026-02-25,2026-03-02,-2.2213840170392296,0.16038579761205732,False,False,False
BEL,2026-02-26,2026-03-05,4.399999144750422,2.702935276686093,True,True,True
BANKINDIA,2026-02-17,2026-03-06,-4.509050576615604,1.5433607895301333,True,True,False
BSE,2026-03-17,2026-03-23,-4.381600031078681,0.8705299560369414,False,False,False
MCX,2026-02-03,2026-04-15,13.947579816001388,1.0270599945610699,True,False,False
TORNTPHARM,2026-04-17,2026-04-22,-1.969468624947324,0.4661844405943573,False,False,False
POLYCAB,2026-05-04,2026-05-07,6.526744512804861,3.7003283868200807,True,True,True
AUROPHARMA,2026-04-06,2026-05-08,11.74975816785908,2.1061216776365645,True,True,True
GRASIM,2026-05-04,2026-05-08,6.083968272590123,1.9888390959351896,True,True,False
PIDILITIND,2026-05-19,2026-06-10,4.422735947159273,2.149928005917135,True,True,True
ADANIPORTS,2026-06-10,2026-06-11,-2.62601837214601,0.4299903328661827,False,False,False
RBLBANK,2026-04-29,2026-06-12,11.92676880795498,2.0107792961465005,True,True,True
NMDC,2026-05-14,2026-06-23,-6.310921862640317,0.9352068360490887,False,False,False
MOTHERSON,2026-06-19,2026-06-23,-2.470238972918437,0.14713964518559067,False,False,False
CUMMINSIND,2026-06-23,2026-06-24,-3.190306574234403,0.1449978034308387,False,False,False
TORNTPHARM,2026-06-23,2026-06-29,4.905954368391763,2.0152268739839347,True,True,True
CGPOWER,2026-06-15,2026-07-01,4.977952487890169,1.5760953708004348,True,True,False
NAM-INDIA,2026-06-15,2026-07-02,9.440655786088548,2.490811052857437,True,True,True
UNIONBANK,2026-07-21,2026-07-23,-5.841312696039913,0.1519599940647685,False,False,False
BAJFINANCE,2026-07-16,2026-07-24,-3.388634341915675,0.9813152898027935,False,False,False
SHRIRAMFIN,2026-07-21,2026-07-24,-2.57204195484384,1.350259839336629,True,False,False
NYKAA,2026-07-27,2026-08-03,4.658061343543252,2.3182395358861183,True,True,True
HAL,2026-07-31,2026-08-06,3.356776881321122,4.443734174230788,True,True,True
BHEL,2026-08-05,2026-08-06,-2.093006945816433,0.08021687740453307,False,False,False
BHARTIARTL,2026-08-05,2026-08-11,-4.350099009900998,0.12518208302986153,False,False,False
