symbol,old_sector_constituents_based,new_sector_indexlist_based,category,weight_available,chosen_weightage,n_sectoral_candidates,n_thematic_candidates,changed,newly_filled
360ONE,NIFTY MS FIN SERV,NIFTY MS FIN SERV,SECTORAL INDICES,True,2.71,2,2,False,False
ABB,NIFTY ENERGY,NIFTY ENERGY,THEMATIC INDICES,True,2.45,0,3,False,False
ABCAPITAL,NIFTY MS FIN SERV,NIFTY MS FIN SERV,SECTORAL INDICES,True,2.97,2,0,False,False
ADANIENSOL,NIFTY COMMODITIES,NIFTY COMMODITIES,THEMATIC INDICES,True,2.45,0,4,False,False
ADANIENT,NIFTY METAL,NIFTY METAL,SECTORAL INDICES,True,10.17,1,0,False,False
ADANIGREEN,NIFTY COMMODITIES,NIFTY COMMODITIES,THEMATIC INDICES,True,2.08,0,6,False,False
ADANIPORTS,NIFTY MOBILITY,NIFTY MOBILITY,THEMATIC INDICES,True,6.14,0,6,False,False
ADANIPOWER,NIFTY COMMODITIES,NIFTY COMMODITIES,THEMATIC INDICES,True,4.03,0,6,False,False
ALKEM,NIFTY MIDSML HLTH,NIFTY MIDSML HLTH,SECTORAL INDICES,True,4.81,4,3,False,False
AMBER,NIFTY CONSR DURBL,NIFTY CONSR DURBL,SECTORAL INDICES,True,4.21,1,3,False,False
AMBUJACEM,NIFTY CEMENT,NIFTY CEMENT,SECTORAL INDICES,True,13.96,1,6,False,False
ANGELONE,NIFTY MS FIN SERV,NIFTY MS FIN SERV,SECTORAL INDICES,True,1.68,2,3,False,False
APLAPOLLO,NIFTY METAL,NIFTY METAL,SECTORAL INDICES,True,4.47,1,3,False,False
APOLLOHOSP,NIFTY HEALTHCARE,NIFTY HEALTHCARE,SECTORAL INDICES,True,7.78,2,4,False,False
ASHOKLEY,NIFTY AUTO,NIFTY AUTO,SECTORAL INDICES,True,3.85,1,9,False,False
ASIANPAINT,NIFTY COREHOUSING,NIFTY COREHOUSING,THEMATIC INDICES,True,11.98,0,5,False,False
ASTRAL,NIFTY MULTI MFG,NIFTY MULTI MFG,THEMATIC INDICES,True,0.56,0,3,False,False
AUBANK,NIFTY MS FIN SERV,NIFTY MS FIN SERV,SECTORAL INDICES,True,5.5,1,0,False,False
AUROPHARMA,NIFTY MIDSML HLTH,NIFTY MIDSML HLTH,SECTORAL INDICES,True,6.94,4,2,False,False
AXISBANK,NIFTY PVT BANK,NIFTY PVT BANK,SECTORAL INDICES,True,18.34,2,2,False,False
BAJAJ-AUTO,NIFTY AUTO,NIFTY AUTO,SECTORAL INDICES,True,9.86,1,8,False,False
BAJAJFINSV,NIFTY FINSEREXBNK,NIFTY FINSEREXBNK,SECTORAL INDICES,True,6.52,2,1,False,False
BAJAJHLDNG,NIFTY FINSEREXBNK,NIFTY FINSEREXBNK,SECTORAL INDICES,True,2.77,1,0,False,False
BAJFINANCE,NIFTY FINSEREXBNK,NIFTY FINSEREXBNK,SECTORAL INDICES,True,16.26,2,2,False,False
BANDHANBNK,NIFTY MS FIN SERV,NIFTY MS FIN SERV,SECTORAL INDICES,True,1.42,2,1,False,False
BANKBARODA,NIFTY PSU BANK,NIFTY PSU BANK,SECTORAL INDICES,True,12.29,1,2,False,False
BANKINDIA,NIFTY PSU BANK,NIFTY PSU BANK,SECTORAL INDICES,True,4.7,2,1,False,False
BDL,NIFTY IND DEFENCE,NIFTY IND DEFENCE,THEMATIC INDICES,True,3.11,0,2,False,False
BEL,NIFTY IND DEFENCE,NIFTY IND DEFENCE,THEMATIC INDICES,True,19.14,0,5,False,False
BHARATFORG,NIFTY AUTO,NIFTY AUTO,SECTORAL INDICES,True,4.25,1,8,False,False
BHARTIARTL,NIFTY INFRA,NIFTY INFRA,THEMATIC INDICES,True,15.4,0,9,False,False
BHEL,NIFTY ENERGY,NIFTY ENERGY,THEMATIC INDICES,True,3.71,0,6,False,False
BIOCON,NIFTY MIDSML HLTH,NIFTY MIDSML HLTH,SECTORAL INDICES,True,4.52,4,0,False,False
BLUESTARCO,NIFTY CONSR DURBL,NIFTY CONSR DURBL,SECTORAL INDICES,True,5.28,1,6,False,False
BPCL,NIFTY OIL AND GAS,NIFTY OIL AND GAS,SECTORAL INDICES,True,10.39,1,7,False,False
BRITANNIA,NIFTY FMCG,NIFTY FMCG,SECTORAL INDICES,True,6.58,1,3,False,False
BSE,NIFTY MS FIN SERV,NIFTY MS FIN SERV,SECTORAL INDICES,True,12.66,3,2,False,False
CAMS,NIFTY MS FIN SERV,NIFTY MS FIN SERV,SECTORAL INDICES,True,1.64,2,1,False,False
CANBK,NIFTY PSU BANK,NIFTY PSU BANK,SECTORAL INDICES,True,11.84,1,1,False,False
CDSL,NIFTY MS FIN SERV,NIFTY MS FIN SERV,SECTORAL INDICES,True,2.13,2,1,False,False
CGPOWER,NIFTY ENERGY,NIFTY ENERGY,THEMATIC INDICES,True,3.68,0,5,False,False
CHOLAFIN,NIFTY FINSEREXBNK,NIFTY FINSEREXBNK,SECTORAL INDICES,True,4.64,2,1,False,False
CIPLA,NIFTY PHARMA,NIFTY PHARMA,SECTORAL INDICES,True,8.26,3,2,False,False
COALINDIA,NIFTY ENERGY,NIFTY ENERGY,THEMATIC INDICES,True,9.6,0,2,False,False
COCHINSHIP,NIFTY IND DEFENCE,NIFTY IND DEFENCE,THEMATIC INDICES,True,3.13,0,3,False,False
COFORGE,NIFTY MS IT TELCM,NIFTY MS IT TELCM,SECTORAL INDICES,True,14.82,2,1,False,False
COLPAL,NIFTY FMCG,NIFTY FMCG,SECTORAL INDICES,True,2.62,1,3,False,False
CONCOR,NIFTY RAILWAYSPSU,NIFTY RAILWAYSPSU,THEMATIC INDICES,True,20.0,0,5,False,False
CROMPTON,NIFTY CONSR DURBL,NIFTY CONSR DURBL,SECTORAL INDICES,True,4.28,1,7,False,False
CUMMINSIND,NIFTY INFRALOG,NIFTY INFRALOG,THEMATIC INDICES,True,2.18,0,4,False,False
DABUR,NIFTY FMCG,NIFTY FMCG,SECTORAL INDICES,True,2.41,1,3,False,False
DALBHARAT,NIFTY CEMENT,NIFTY CEMENT,SECTORAL INDICES,True,7.79,1,4,False,False
DELHIVERY,NIFTY MULTI INFRA,NIFTY MULTI INFRA,THEMATIC INDICES,True,1.24,0,3,False,False
DIVISLAB,NIFTY PHARMA,NIFTY PHARMA,SECTORAL INDICES,True,10.87,3,2,False,False
DIXON,NIFTY CONSR DURBL,NIFTY CONSR DURBL,SECTORAL INDICES,True,15.65,1,9,False,False
DLF,NIFTY REALTY,NIFTY REALTY,SECTORAL INDICES,True,19.15,2,6,False,False
DMART,NIFTY NONCYC CONS,NIFTY NONCYC CONS,THEMATIC INDICES,True,2.72,0,4,False,False
DRREDDY,NIFTY PHARMA,NIFTY PHARMA,SECTORAL INDICES,True,7.4,3,2,False,False
EICHERMOT,NIFTY AUTO,NIFTY AUTO,SECTORAL INDICES,True,8.52,1,8,False,False
ETERNAL,NIFTY INTERNET,NIFTY INTERNET,THEMATIC INDICES,True,21.53,0,8,False,False
FEDERALBNK,NIFTY MS FIN SERV,NIFTY MS FIN SERV,SECTORAL INDICES,True,7.69,2,1,False,False
FORTIS,NIFTY MIDSML HLTH,NIFTY MIDSML HLTH,SECTORAL INDICES,True,7.12,3,3,False,False
GAIL,NIFTY OIL AND GAS,NIFTY OIL AND GAS,SECTORAL INDICES,True,7.72,1,5,False,False
GLENMARK,NIFTY MIDSML HLTH,NIFTY MIDSML HLTH,SECTORAL INDICES,True,5.27,4,1,False,False
GMRAIRPORT,NIFTY IND TOURISM,NIFTY IND TOURISM,THEMATIC INDICES,True,16.4,0,5,False,False
GODFRYPHLP,,,,False,,0,0,False,False
GODREJCP,NIFTY FMCG,NIFTY FMCG,SECTORAL INDICES,True,3.75,1,3,False,False
GODREJPROP,NIFTY REALTY,NIFTY REALTY,SECTORAL INDICES,True,12.33,2,6,False,False
GRASIM,NIFTY CEMENT,NIFTY CEMENT,SECTORAL INDICES,True,15.65,1,7,False,False
GVT&D,NIFTY ENERGY,NIFTY ENERGY,THEMATIC INDICES,True,3.23,0,3,False,False
HAL,NIFTY IND DEFENCE,NIFTY IND DEFENCE,THEMATIC INDICES,True,21.83,0,4,False,False
HAVELLS,NIFTY CONSR DURBL,NIFTY CONSR DURBL,SECTORAL INDICES,True,8.6,1,9,False,False
HCLTECH,NIFTY IT,NIFTY IT,SECTORAL INDICES,True,11.84,1,2,False,False
HDFCAMC,NIFTY FINSEREXBNK,NIFTY FINSEREXBNK,SECTORAL INDICES,True,2.83,1,2,False,False
HDFCBANK,NIFTY PVT BANK,NIFTY PVT BANK,SECTORAL INDICES,True,19.59,2,2,False,False
HDFCLIFE,NIFTY FINSEREXBNK,NIFTY FINSEREXBNK,SECTORAL INDICES,True,3.22,2,2,False,False
HEROMOTOCO,NIFTY AUTO,NIFTY AUTO,SECTORAL INDICES,True,5.8,1,8,False,False
HINDALCO,NIFTY METAL,NIFTY METAL,SECTORAL INDICES,True,18.0,1,3,False,False
HINDPETRO,NIFTY OIL AND GAS,NIFTY OIL AND GAS,SECTORAL INDICES,True,5.84,1,7,False,False
HINDUNILVR,NIFTY FMCG,NIFTY FMCG,SECTORAL INDICES,True,18.47,1,3,False,False
HINDZINC,NIFTY METAL,NIFTY METAL,SECTORAL INDICES,True,3.31,1,1,False,False
HYUNDAI,NIFTY MOBILITY,NIFTY MOBILITY,THEMATIC INDICES,True,1.6,0,6,False,False
ICICIBANK,NIFTY PVT BANK,NIFTY PVT BANK,SECTORAL INDICES,True,21.95,2,2,False,False
ICICIGI,NIFTY MS FIN SERV,NIFTY MS FIN SERV,SECTORAL INDICES,True,3.5,3,0,False,False
ICICIPRULI,NIFTY MS FIN SERV,NIFTY MS FIN SERV,SECTORAL INDICES,True,1.77,2,1,False,False
IDEA,NIFTY MS IT TELCM,NIFTY MS IT TELCM,SECTORAL INDICES,True,8.66,1,6,False,False
IDFCFIRSTB,NIFTY MS FIN SERV,NIFTY MS FIN SERV,SECTORAL INDICES,True,5.08,2,1,False,False
IEX,NIFTY MS FIN SERV,NIFTY MS FIN SERV,SECTORAL INDICES,True,0.88,1,1,False,False
INDHOTEL,NIFTY IND TOURISM,NIFTY IND TOURISM,THEMATIC INDICES,True,19.68,0,6,False,False
INDIANB,NIFTY PSU BANK,NIFTY PSU BANK,SECTORAL INDICES,True,8.47,2,2,False,False
INDIGO,NIFTY IND TOURISM,NIFTY IND TOURISM,THEMATIC INDICES,True,20.4,0,10,False,False
INDUSINDBK,NIFTY MS FIN SERV,NIFTY MS FIN SERV,SECTORAL INDICES,True,5.97,2,2,False,False
INDUSTOWER,NIFTY MS IT TELCM,NIFTY MS IT TELCM,SECTORAL INDICES,True,11.5,1,3,False,False
INFY,NIFTY IT,NIFTY IT,SECTORAL INDICES,True,29.67,1,2,False,False
INOXWIND,NIFTY ENERGY,NIFTY ENERGY,THEMATIC INDICES,True,0.43,0,4,False,False
IOC,NIFTY OIL AND GAS,NIFTY OIL AND GAS,SECTORAL INDICES,True,8.61,1,5,False,False
IREDA,,,,False,,0,0,False,False
IRFC,NIFTY FINSEREXBNK,NIFTY FINSEREXBNK,SECTORAL INDICES,True,0.99,1,1,False,False
ITC,NIFTY FMCG,NIFTY FMCG,SECTORAL INDICES,True,26.71,1,3,False,False
JINDALSTEL,NIFTY METAL,NIFTY METAL,SECTORAL INDICES,True,4.84,1,3,False,False
JIOFIN,NIFTY FINSEREXBNK,NIFTY FINSEREXBNK,SECTORAL INDICES,True,4.66,2,1,False,False
JSWENERGY,NIFTY COMMODITIES,NIFTY COMMODITIES,THEMATIC INDICES,True,1.61,0,6,False,False
JSWSTEEL,NIFTY METAL,NIFTY METAL,SECTORAL INDICES,True,14.21,1,4,False,False
JUBLFOOD,NIFTY IND TOURISM,NIFTY IND TOURISM,THEMATIC INDICES,True,8.61,0,4,False,False
KALYANKJIL,NIFTY CONSR DURBL,NIFTY CONSR DURBL,SECTORAL INDICES,True,6.33,1,2,False,False
KAYNES,NIFTY MULTI INFRA,NIFTY MULTI INFRA,THEMATIC INDICES,True,0.56,0,3,False,False
KEI,NIFTY EV,NIFTY EV,THEMATIC INDICES,True,3.9,0,4,False,False
KFINTECH,NIFTY MS FIN SERV,NIFTY MS FIN SERV,SECTORAL INDICES,True,1.1,1,1,False,False
KOTAKBANK,NIFTY PVT BANK,NIFTY PVT BANK,SECTORAL INDICES,True,19.94,2,2,False,False
KPITTECH,NIFTY MS IT TELCM,NIFTY MS IT TELCM,SECTORAL INDICES,True,2.37,1,2,False,False
LAURUSLABS,NIFTY MIDSML HLTH,NIFTY MIDSML HLTH,SECTORAL INDICES,True,10.87,4,2,False,False
LICHSGFIN,NIFTY MS FIN SERV,NIFTY MS FIN SERV,SECTORAL INDICES,True,1.34,3,3,False,False
LICI,NIFTY MS FIN SERV,NIFTY MS FIN SERV,SECTORAL INDICES,True,1.62,2,1,False,False
LODHA,NIFTY REALTY,NIFTY REALTY,SECTORAL INDICES,True,15.37,2,4,False,False
LT,NIFTY INFRA,NIFTY INFRA,THEMATIC INDICES,True,12.45,0,4,False,False
LTF,NIFTY MS FIN SERV,NIFTY MS FIN SERV,SECTORAL INDICES,True,2.38,2,1,False,False
LTM,NIFTY IT,NIFTY IT,SECTORAL INDICES,True,4.47,1,1,False,False
LUPIN,NIFTY MIDSML HLTH,NIFTY MIDSML HLTH,SECTORAL INDICES,True,8.24,4,2,False,False
M&M,NIFTY AUTO,NIFTY AUTO,SECTORAL INDICES,True,23.36,1,8,False,False
MANAPPURAM,NIFTY MS FIN SERV,NIFTY MS FIN SERV,SECTORAL INDICES,True,1.69,1,0,False,False
MANKIND,NIFTY MIDSML HLTH,NIFTY MIDSML HLTH,SECTORAL INDICES,True,4.11,4,2,False,False
MARICO,NIFTY FMCG,NIFTY FMCG,SECTORAL INDICES,True,4.55,1,3,False,False
MARUTI,NIFTY AUTO,NIFTY AUTO,SECTORAL INDICES,True,13.85,1,8,False,False
MAXHEALTH,NIFTY HEALTHCARE,NIFTY HEALTHCARE,SECTORAL INDICES,True,6.63,2,4,False,False
MAZDOCK,NIFTY IND DEFENCE,NIFTY IND DEFENCE,THEMATIC INDICES,True,4.8,0,4,False,False
MCX,NIFTY MS FIN SERV,NIFTY MS FIN SERV,SECTORAL INDICES,True,6.7,2,1,False,False
MFSL,NIFTY MS FIN SERV,NIFTY MS FIN SERV,SECTORAL INDICES,True,3.55,3,1,False,False
MOTHERSON,NIFTY AUTO,NIFTY AUTO,SECTORAL INDICES,True,5.65,1,5,False,False
MOTILALOFS,NIFTY CAPITAL MKT,NIFTY CAPITAL MKT,THEMATIC INDICES,True,3.26,0,3,False,False
MPHASIS,NIFTY MS IT TELCM,NIFTY MS IT TELCM,SECTORAL INDICES,True,7.83,2,1,False,False
MUTHOOTFIN,NIFTY FINSEREXBNK,NIFTY FINSEREXBNK,SECTORAL INDICES,True,1.72,2,1,False,False
NAM-INDIA,NIFTY CAPITAL MKT,NIFTY CAPITAL MKT,THEMATIC INDICES,True,4.9,0,2,False,False
NATIONALUM,NIFTY METAL,NIFTY METAL,SECTORAL INDICES,True,4.27,1,0,False,False
NAUKRI,NIFTY INTERNET,NIFTY INTERNET,THEMATIC INDICES,True,9.98,0,7,False,False
NBCC,NIFTY MULTI INFRA,NIFTY MULTI INFRA,THEMATIC INDICES,True,0.45,0,2,False,False
NESTLEIND,NIFTY FMCG,NIFTY FMCG,SECTORAL INDICES,True,10.75,1,3,False,False
NHPC,NIFTY COMMODITIES,NIFTY COMMODITIES,THEMATIC INDICES,True,1.38,0,6,False,False
NMDC,NIFTY METAL,NIFTY METAL,SECTORAL INDICES,True,3.49,1,1,False,False
NTPC,NIFTY COMMODITIES,NIFTY COMMODITIES,THEMATIC INDICES,True,7.68,0,9,False,False
NYKAA,NIFTY INTERNET,NIFTY INTERNET,THEMATIC INDICES,True,8.71,0,5,False,False
OBEROIRLTY,NIFTY REALTY,NIFTY REALTY,SECTORAL INDICES,True,9.77,2,6,False,False
OFSS,NIFTY MS IT TELCM,NIFTY MS IT TELCM,SECTORAL INDICES,True,6.34,2,1,False,False
OIL,NIFTY OIL AND GAS,NIFTY OIL AND GAS,SECTORAL INDICES,True,4.26,1,3,False,False
ONGC,NIFTY OIL AND GAS,NIFTY OIL AND GAS,SECTORAL INDICES,True,15.17,1,5,False,False
PATANJALI,NIFTY FMCG,NIFTY FMCG,SECTORAL INDICES,True,1.22,1,2,False,False
PAYTM,NIFTY MS FIN SERV,NIFTY MS FIN SERV,SECTORAL INDICES,True,6.14,2,3,False,False
PERSISTENT,NIFTY MS IT TELCM,NIFTY MS IT TELCM,SECTORAL INDICES,True,13.98,2,1,False,False
PETRONET,NIFTY OIL AND GAS,NIFTY OIL AND GAS,SECTORAL INDICES,True,3.41,1,5,False,False
PFC,NIFTY FINSEREXBNK,NIFTY FINSEREXBNK,SECTORAL INDICES,True,3.07,2,0,False,False
PGEL,NIFTY CONSR DURBL,NIFTY CONSR DURBL,SECTORAL INDICES,True,2.67,1,3,False,False
PHOENIXLTD,NIFTY REALTY,NIFTY REALTY,SECTORAL INDICES,True,15.93,2,6,False,False
PIDILITIND,NIFTY CHEMICALS,NIFTY CHEMICALS,SECTORAL INDICES,True,13.76,1,2,False,False
PIIND,NIFTY CHEMICALS,NIFTY CHEMICALS,SECTORAL INDICES,True,5.29,1,4,False,False
PNB,NIFTY PSU BANK,NIFTY PSU BANK,SECTORAL INDICES,True,10.82,1,2,False,False
PNBHOUSING,NIFTY MS FIN SERV,NIFTY MS FIN SERV,SECTORAL INDICES,True,1.94,2,2,False,False
POLICYBZR,NIFTY MS FIN SERV,NIFTY MS FIN SERV,SECTORAL INDICES,True,5.34,2,3,False,False
POLYCAB,NIFTY COREHOUSING,NIFTY COREHOUSING,THEMATIC INDICES,True,4.78,0,4,False,False
POWERGRID,NIFTY ENERGY,NIFTY ENERGY,THEMATIC INDICES,True,4.35,0,5,False,False
PREMIERENE,,,,False,,0,0,False,False
PRESTIGE,NIFTY REALTY,NIFTY REALTY,SECTORAL INDICES,True,12.28,2,6,False,False
RADICO,NIFTY FMCG,NIFTY FMCG,SECTORAL INDICES,True,3.64,1,1,False,False
RBLBANK,NIFTY MS FIN SERV,NIFTY MS FIN SERV,SECTORAL INDICES,True,2.12,2,0,False,False
RECLTD,NIFTY FINSEREXBNK,NIFTY FINSEREXBNK,SECTORAL INDICES,True,2.41,2,0,False,False
RELIANCE,NIFTY OIL AND GAS,NIFTY OIL AND GAS,SECTORAL INDICES,True,33.17,1,8,False,False
RVNL,NIFTY RAILWAYSPSU,NIFTY RAILWAYSPSU,THEMATIC INDICES,True,14.06,0,4,False,False
SAIL,NIFTY METAL,NIFTY METAL,SECTORAL INDICES,True,2.9,1,2,False,False
SBICARD,NIFTY MS FIN SERV,NIFTY MS FIN SERV,SECTORAL INDICES,True,1.68,3,1,False,False
SBILIFE,NIFTY FINSEREXBNK,NIFTY FINSEREXBNK,SECTORAL INDICES,True,4.53,2,2,False,False
SBIN,NIFTY PSU BANK,NIFTY PSU BANK,SECTORAL INDICES,True,33.99,2,3,False,False
SHRIRAMFIN,NIFTY FINSEREXBNK,NIFTY FINSEREXBNK,SECTORAL INDICES,True,8.82,2,2,False,False
SIEMENS,NIFTY ENERGY,NIFTY ENERGY,THEMATIC INDICES,True,2.13,0,3,False,False
SONACOMS,NIFTY AUTO,NIFTY AUTO,SECTORAL INDICES,True,2.74,1,6,False,False
SRF,NIFTY CHEMICALS,NIFTY CHEMICALS,SECTORAL INDICES,True,9.92,1,3,False,False
SUNPHARMA,NIFTY PHARMA,NIFTY PHARMA,SECTORAL INDICES,True,20.59,3,2,False,False
SUPREMEIND,NIFTY MULTI MFG,NIFTY MULTI MFG,THEMATIC INDICES,True,0.65,0,3,False,False
SUZLON,NIFTY ENERGY,NIFTY ENERGY,THEMATIC INDICES,True,3.51,0,6,False,False
SWIGGY,NIFTY INTERNET,NIFTY INTERNET,THEMATIC INDICES,True,7.63,0,7,False,False
TATACONSUM,NIFTY FMCG,NIFTY FMCG,SECTORAL INDICES,True,7.07,1,3,False,False
TATAELXSI,NIFTY MS IT TELCM,NIFTY MS IT TELCM,SECTORAL INDICES,True,3.03,1,2,False,False
TATAPOWER,NIFTY COMMODITIES,NIFTY COMMODITIES,THEMATIC INDICES,True,3.01,0,9,False,False
TATASTEEL,NIFTY METAL,NIFTY METAL,SECTORAL INDICES,True,18.16,1,4,False,False
TCS,NIFTY IT,NIFTY IT,SECTORAL INDICES,True,19.89,1,2,False,False
TECHM,NIFTY IT,NIFTY IT,SECTORAL INDICES,True,10.51,1,2,False,False
TIINDIA,NIFTY AUTO,NIFTY AUTO,SECTORAL INDICES,True,2.27,1,6,False,False
TITAN,NIFTY CONSR DURBL,NIFTY CONSR DURBL,SECTORAL INDICES,True,35.07,1,3,False,False
TMPV,NIFTY AUTO,NIFTY AUTO,SECTORAL INDICES,True,5.58,1,7,False,False
TORNTPHARM,NIFTY PHARMA,NIFTY PHARMA,SECTORAL INDICES,True,7.26,3,1,False,False
TRENT,NIFTY NONCYC CONS,NIFTY NONCYC CONS,THEMATIC INDICES,True,4.13,0,3,False,False
TVSMOTOR,NIFTY AUTO,NIFTY AUTO,SECTORAL INDICES,True,7.79,1,7,False,False
ULTRACEMCO,NIFTY CEMENT,NIFTY CEMENT,SECTORAL INDICES,True,15.39,1,7,False,False
UNIONBANK,NIFTY PSU BANK,NIFTY PSU BANK,SECTORAL INDICES,True,9.63,1,1,False,False
UNITDSPR,NIFTY FMCG,NIFTY FMCG,SECTORAL INDICES,True,4.45,1,2,False,False
UNOMINDA,NIFTY AUTO,NIFTY AUTO,SECTORAL INDICES,True,1.72,1,4,False,False
UPL,NIFTY CHEMICALS,NIFTY CHEMICALS,SECTORAL INDICES,True,8.34,1,4,False,False
VBL,NIFTY FMCG,NIFTY FMCG,SECTORAL INDICES,True,5.99,1,2,False,False
VEDL,NIFTY METAL,NIFTY METAL,SECTORAL INDICES,True,5.46,1,2,False,False
VMM,NIFTY MS IND CONS,NIFTY MS IND CONS,THEMATIC INDICES,True,3.18,0,3,False,False
VOLTAS,NIFTY CONSR DURBL,NIFTY CONSR DURBL,SECTORAL INDICES,True,7.9,1,8,False,False
WAAREEENER,,,,False,,0,0,False,False
WIPRO,NIFTY IT,NIFTY IT,SECTORAL INDICES,True,5.0,1,2,False,False
YESBANK,NIFTY MS FIN SERV,NIFTY MS FIN SERV,SECTORAL INDICES,True,3.57,2,1,False,False
ZYDUSLIFE,NIFTY PHARMA,NIFTY PHARMA,SECTORAL INDICES,True,2.94,3,1,False,False
