symbol,entry_date,exit_date,entry_price,exit_price,qty,reason,pattern,score,pnl,ret_pct,holding_days
MOTILALOFS,2021-07-29,2021-07-30,262.5,247.45,379,stop,Pin Bar,9.0,-5703.950000000004,-5.733333333333334,1
BSE,2021-07-27,2021-08-10,142.05,125.45,703,stop,Bullish Engulfing,10.0,-11669.800000000007,-11.686026047166498,14
INOXWIND,2021-08-12,2021-08-23,31.740000000000002,28.63,3110,stop,Pin Bar,9.0,-9672.10000000001,-9.798361688720869,11
FORTIS,2021-08-30,2021-09-17,297.0,269.34999999999997,327,stop,Bullish Engulfing,10.0,-9041.550000000012,-9.309764309764324,18
COFORGE,2021-09-03,2021-09-20,1040.05,1106.2499999999998,93,target,Pin Bar,9.0,6156.599999999983,6.3650786019902705,17
MPHASIS,2021-09-14,2021-09-23,2826.25,3122.4500000000007,34,target,Pin Bar,9.0,10070.800000000025,10.48031844316677,9
TCS,2021-09-22,2021-09-27,3871.6000000000004,3821.6,25,stop,Pin Bar,9.0,-1250.0000000000114,-1.291455728897628,5
HINDALCO,2021-10-04,2021-10-07,486.05,473.4,203,stop,Pin Bar,9.0,-2567.950000000007,-2.6026128999074194,3
RADICO,2021-07-30,2021-10-12,893.0999999999999,1039.3999999999996,111,target,Morning Star,7.0,16239.29999999997,16.381144328742558,74
NATIONALUM,2021-09-30,2021-10-18,93.64999999999999,109.10999999999997,1043,target,Bullish Engulfing,8.0,16124.779999999979,16.50827549386009,18
GMRAIRPORT,2021-10-21,2021-10-22,42.65,40.35,2365,stop,Pin Bar,9.0,-5439.499999999994,-5.392731535756146,1
TMPV,2021-11-02,2021-11-17,348.75,364.8,287,target,Pin Bar,9.0,4606.350000000003,4.60215053763442,15
PHOENIXLTD,2021-11-12,2021-11-22,555.05,510.75,182,stop,Bullish Engulfing,10.0,-8062.599999999991,-7.98126294928384,10
INDHOTEL,2021-11-02,2021-11-26,201.5,186.54999999999998,495,stop,Bullish Engulfing,8.0,-7400.250000000008,-7.41935483870969,24
BSE,2021-12-01,2021-12-03,177.55,215.75000000000006,564,target,Morning Star,7.0,21544.800000000025,21.515066178541286,2
PGEL,2021-10-27,2021-12-13,51.449999999999996,68.24999999999997,1949,target,Morning Star,10.0,32743.199999999953,32.65306122448975,47
GMRAIRPORT,2021-12-15,2021-12-17,43.5,41.7,2399,stop,Pin Bar,9.0,-4318.199999999993,-4.137931034482756,2
KEI,2021-12-15,2021-12-20,1150.3999999999999,1079.05,90,stop,Bullish Engulfing,10.0,-6421.499999999992,-6.202190542420016,5
SRF,2021-12-16,2021-12-20,2184.8,2107.0,47,stop,Pin Bar,8.0,-3656.6000000000085,-3.5609666788722127,4
TORNTPHARM,2021-12-21,2021-12-31,1542.45,1625.7500000000002,66,target,Pin Bar,9.0,5497.800000000012,5.400499205808962,10
SUZLON,2022-01-07,2022-01-12,9.8,11.050000000000004,10589,target,Bullish Engulfing,7.0,13236.250000000038,12.755102040816357,5
GMRAIRPORT,2022-01-17,2022-01-18,46.0,44.2,2284,stop,Bullish Engulfing,8.0,-4111.199999999993,-3.913043478260858,1
OBEROIRLTY,2022-01-17,2022-01-18,981.8499999999999,935.0500000000001,106,stop,Bullish Engulfing,7.0,-4960.799999999983,-4.766512196363992,1
TITAN,2022-01-18,2022-01-20,2604.3500000000004,2550.35,40,stop,Pin Bar,9.0,-2160.000000000018,-2.0734540288363856,2
SUZLON,2022-01-21,2022-01-24,11.3,10.399999999999999,9201,stop,Bullish Engulfing,10.0,-8280.90000000002,-7.964601769911528,3
NTPC,2022-01-27,2022-02-15,135.70000000000002,130.95,761,stop,Bullish Engulfing,10.0,-3614.750000000022,-3.5003684598378992,19
NATIONALUM,2022-02-16,2022-02-18,120.63,112.74000000000001,851,stop,Pin Bar,9.0,-6714.3899999999885,-6.540661526983326,2
CHOLAFIN,2022-02-16,2022-02-24,675.0,643.5,151,stop,Pin Bar,9.0,-4756.5,-4.666666666666663,8
MARUTI,2022-01-27,2022-03-02,8664.05,7887.849999999999,11,stop,Bullish Engulfing,10.0,-8538.199999999997,-8.95885873234803,34
ADANIENSOL,2022-02-23,2022-03-03,1995.0,2335.05,51,target,Bullish Engulfing,8.0,17342.55000000001,17.045112781954884,8
NATIONALUM,2022-02-23,2022-03-04,114.31,129.87,897,target,Bullish Engulfing,7.0,13957.320000000002,13.612107427171738,9
JSWENERGY,2022-02-28,2022-03-08,336.05,309.95,304,stop,Bullish Engulfing,10.0,-7934.400000000007,-7.766701383722663,8
JINDALSTEL,2022-03-09,2022-03-14,445.05,482.8500000000001,231,target,Pin Bar,9.0,8731.800000000016,8.4934277047523,5
BDL,2022-04-04,2022-04-08,289.05,329.25000000000006,359,target,Morning Star,10.0,14431.800000000016,13.907628437986519,4
GAIL,2022-04-22,2022-04-25,97.84,94.79,1077,stop,Pin Bar,9.0,-3284.8499999999967,-3.1173344235486455,3
VBL,2022-04-26,2022-04-27,150.1,137.7,700,stop,Bullish Engulfing,7.0,-8680.000000000004,-8.26115922718188,1
BAJAJ-AUTO,2022-04-26,2022-04-28,3632.55,3875.750000000001,28,target,Bullish Engulfing,7.0,6809.60000000002,6.6950214036971545,2
NTPC,2022-05-10,2022-05-11,159.85000000000002,155.89999999999998,656,stop,Pin Bar,9.0,-2591.20000000003,-2.471066624960927,1
GODFRYPHLP,2022-05-10,2022-05-12,401.05,371.95,260,stop,Bullish Engulfing,7.0,-7566.0000000000055,-7.255953123051995,2
VBL,2022-05-11,2022-05-12,145.9,139.95,712,stop,Morning Star,10.0,-4236.400000000012,-4.078135709390008,1
ADANIPOWER,2022-05-27,2022-06-03,65.05,57.150000000000006,1590,stop,Pin Bar,9.0,-12560.999999999987,-12.144504227517283,7
HAL,2022-06-15,2022-06-16,949.75,920.0500000000001,107,stop,Bullish Engulfing,10.0,-3177.899999999993,-3.1271387207159718,1
BDL,2022-06-07,2022-06-20,401.0,378.25,254,stop,Pin Bar,9.0,-5778.5,-5.673316708229425,13
EICHERMOT,2022-07-05,2022-07-07,2815.0,2925.250000000001,35,target,Pin Bar,9.0,3858.750000000032,3.9165186500888405,2
TIINDIA,2022-07-06,2022-07-07,1834.05,2043.7499999999998,55,target,Morning Star,7.0,11533.499999999989,11.433712276110231,1
ASHOKLEY,2022-07-18,2022-08-01,70.5,75.25,1459,target,Bullish Engulfing,10.0,6930.25,6.737588652482263,14
NESTLEIND,2022-07-21,2022-08-01,933.05,974.2499999999998,110,target,Pin Bar,9.0,4531.99999999998,4.415626172230835,11
ADANIPOWER,2022-08-11,2022-08-18,68.55,76.64999999999999,1520,target,Morning Star,7.0,12311.99999999999,11.816192560175054,7
DABUR,2022-07-28,2022-08-19,569.3,596.1999999999998,181,target,Bullish Engulfing,7.0,4868.899999999975,4.725101001229559,22
PHOENIXLTD,2022-08-12,2022-08-19,665.5,700.7499999999998,156,target,Pin Bar,9.0,5498.9999999999645,5.296769346356078,7
BANKBARODA,2022-08-24,2022-09-08,109.0,122.19999999999999,975,target,Bullish Engulfing,10.0,12869.999999999989,12.110091743119256,15
PHOENIXLTD,2022-08-30,2022-09-15,714.9499999999999,667.95,150,stop,Bullish Engulfing,10.0,-7049.999999999983,-6.573886285754238,16
TIINDIA,2022-09-20,2022-09-22,2584.4,2783.3000000000006,41,target,Pin Bar,9.0,8154.900000000022,7.696177062374265,2
ASIANPAINT,2022-09-27,2022-09-30,3468.05,3353.95,30,stop,Bullish Engulfing,10.0,-3423.000000000011,-3.290033304018114,3
ADANIPOWER,2022-08-30,2022-10-03,80.0,71.3,1336,stop,Bullish Engulfing,10.0,-11623.200000000004,-10.875000000000002,34
HAL,2022-11-04,2022-11-10,1283.55,1229.95,82,stop,Bullish Engulfing,10.0,-4395.1999999999925,-4.17591835144715,6
COCHINSHIP,2022-11-23,2022-12-21,330.55,296.75,319,stop,Bullish Engulfing,10.0,-10782.200000000004,-10.225381939192257,28
PIIND,2022-12-05,2022-12-26,3511.0,3411.95,30,stop,Pin Bar,9.0,-2971.5000000000055,-2.8211335801765935,21
BRITANNIA,2022-12-27,2022-12-29,4399.95,4313.75,23,stop,Bullish Engulfing,10.0,-1982.5999999999958,-1.9591131717405785,2
FEDERALBNK,2023-01-06,2023-01-09,137.15,135.04999999999998,761,stop,Pin Bar,9.0,-1598.1000000000172,-1.5311702515494185,3
PNB,2023-01-06,2023-01-10,54.019999999999996,52.32,1935,stop,Pin Bar,9.0,-3289.499999999992,-3.1469825990373845,4
CGPOWER,2023-01-09,2023-01-10,272.0,279.45000000000005,385,target,Pin Bar,8.0,2868.2500000000173,2.738970588235312,1
IDFCFIRSTB,2023-01-12,2023-01-25,60.099999999999994,58.150000000000006,1747,stop,Bullish Engulfing,10.0,-3406.64999999998,-3.2445923460898363,13
JSWSTEEL,2022-11-30,2023-01-30,735.9499999999999,709.95,143,stop,Bullish Engulfing,10.0,-3717.9999999999836,-3.5328486989605112,61
BRITANNIA,2023-02-16,2023-02-17,4599.900000000001,4530.15,22,stop,Pin Bar,9.0,-1534.50000000002,-1.5163373116807044,1
BANKINDIA,2022-12-27,2023-02-20,83.41,70.03,1255,stop,Bullish Engulfing,8.0,-16791.899999999994,-16.04124205730727,55
TIINDIA,2023-03-14,2023-03-17,2725.05,2620.2,37,stop,Pin Bar,9.0,-3879.4500000000135,-3.8476358231959162,3
MCX,2023-03-14,2023-03-24,298.05,290.95,340,stop,Pin Bar,7.0,-2414.0000000000077,-2.3821506458648,10
ZYDUSLIFE,2023-03-22,2023-03-31,480.05,493.55,210,target,Pin Bar,9.0,2835.0,2.8122070617643935,9
HINDUNILVR,2023-04-03,2023-04-05,2570.0,2516.5,39,stop,Pin Bar,7.0,-2086.5,-2.081712062256813,2
GODREJCP,2023-04-05,2023-04-27,970.05,944.2,103,stop,Pin Bar,9.0,-2662.5499999999906,-2.6648110922117274,22
ABCAPITAL,2023-05-11,2023-05-12,172.4,166.14999999999998,583,stop,Pin Bar,9.0,-3643.7500000000164,-3.625290023201877,1
COFORGE,2023-05-26,2023-05-31,864.05,907.2499999999998,116,target,Bullish Engulfing,10.0,5011.199999999979,4.999710664892065,5
ASTRAL,2023-06-26,2023-07-04,1972.05,1927.3500000000001,51,stop,Pin Bar,9.0,-2279.6999999999907,-2.2666768083973388,8
PRESTIGE,2023-06-27,2023-07-13,581.9,556.95,173,stop,Pin Bar,9.0,-4316.3499999999885,-4.287678295239717,16
COFORGE,2023-06-21,2023-07-14,920.0,991.2499999999998,109,target,Pin Bar,9.0,7766.249999999975,7.744565217391286,23
GODREJPROP,2023-06-27,2023-07-14,1544.2,1658.9499999999998,65,target,Morning Star,10.0,7458.749999999985,7.43103224970858,17
AUROPHARMA,2023-06-26,2023-07-19,701.05,771.7499999999998,143,target,Bullish Engulfing,10.0,10110.099999999973,10.08487269096352,23
HEROMOTOCO,2023-07-21,2023-07-31,2926.8,3023.000000000001,35,target,Pin Bar,9.0,3367.0000000000255,3.2868662019953865,10
OBEROIRLTY,2023-08-02,2023-08-14,1113.8999999999999,1065.95,92,stop,Pin Bar,9.0,-4411.399999999983,-4.304695215010312,12
RECLTD,2023-09-04,2023-09-08,240.85000000000002,261.55000000000007,425,target,Pin Bar,9.0,8797.50000000002,8.594560930039453,4
SHRIRAMFIN,2023-09-08,2023-09-11,382.0,392.40000000000003,270,target,Pin Bar,9.0,2808.000000000009,2.7225130890052407,3
ADANIPOWER,2023-09-22,2023-10-03,77.05,72.85000000000001,1345,stop,Bullish Engulfing,10.0,-5648.9999999999845,-5.451005840363388,11
LICHSGFIN,2023-10-10,2023-10-23,468.35,457.15,220,stop,Pin Bar,9.0,-2464.00000000001,-2.391373972456501,13
MCX,2023-10-27,2023-11-03,451.05,489.25000000000006,228,target,Pin Bar,9.0,8709.60000000001,8.46912759117615,7
POLYCAB,2023-11-15,2023-11-17,5200.0,5302.6,20,target,Pin Bar,8.0,2052.0000000000073,1.973076923076933,2
UNIONBANK,2023-11-20,2023-11-23,99.45,95.92,1050,stop,Pin Bar,9.0,-3706.5000000000014,-3.5495223730517833,3
MCX,2023-11-12,2023-11-28,531.05,621.2499999999999,195,target,Bullish Engulfing,10.0,17588.999999999985,16.985217964410126,16
CONCOR,2024-01-11,2024-01-17,716.0,694.5,148,stop,Pin Bar,9.0,-3182.0,-3.00279329608939,6
NBCC,2024-01-04,2024-01-23,59.08,71.99999999999999,1791,target,Bullish Engulfing,10.0,23139.71999999998,21.868652674339863,19
PRESTIGE,2024-01-19,2024-01-23,1318.8,1225.95,80,stop,Bullish Engulfing,10.0,-7427.999999999993,-7.040491355777978,4
OIL,2024-01-19,2024-02-06,271.25,311.85,390,target,Bullish Engulfing,10.0,15834.00000000001,14.967741935483868,18
GODFRYPHLP,2024-02-12,2024-02-15,798.05,870.2499999999998,135,target,Pin Bar,9.0,9746.999999999975,9.047052189712401,3
OIL,2024-02-14,2024-02-15,317.6,361.5000000000001,346,target,Pin Bar,9.0,15189.40000000003,13.822418136020186,1
HAL,2024-01-04,2024-02-28,2886.6000000000004,3163.000000000002,36,target,Bullish Engulfing,10.0,9950.400000000052,9.575278874800851,55
HAL,2024-03-01,2024-03-07,3105.05,3287.050000000001,36,target,Pin Bar,9.0,6552.000000000033,5.861419300816451,6
CGPOWER,2024-03-07,2024-03-11,470.05,450.3,242,stop,Pin Bar,8.0,-4779.5,-4.201680672268903,4
NMDC,2024-02-15,2024-03-13,75.9,68.05,1477,stop,Bullish Engulfing,10.0,-11594.450000000013,-10.342555994729919,27
PETRONET,2024-03-02,2024-03-13,271.35,258.5,415,stop,Morning Star,10.0,-5332.750000000009,-4.735581352496787,11
PHOENIXLTD,2024-03-06,2024-03-13,1402.1499999999999,1330.3500000000001,81,stop,Bullish Engulfing,10.0,-5815.799999999977,-5.1207074849338285,7
CUMMINSIND,2024-03-07,2024-03-13,2800.0,2709.0,40,stop,Pin Bar,9.0,-3640.0,-3.2499999999999973,6
CDSL,2023-11-17,2024-03-14,901.55,832.45,116,stop,Pin Bar,9.0,-8015.599999999989,-7.664577671787464,118
TRENT,2024-03-15,2024-03-20,2736.75,2580.35,39,stop,Bullish Engulfing,10.0,-6099.600000000004,-5.714807709874858,5
INDHOTEL,2024-03-27,2024-04-03,571.0,615.0,189,target,Bullish Engulfing,8.0,8316.0,7.705779334500873,7
GAIL,2024-04-08,2024-04-09,178.95000000000002,192.51000000000008,614,target,Bullish Engulfing,7.0,8325.840000000037,7.577535624476139,1
ZYDUSLIFE,2024-03-22,2024-04-15,995.05,946.2,108,stop,Morning Star,7.0,-5275.79999999999,-4.909301040148728,24
BAJAJ-AUTO,2024-04-12,2024-04-16,8826.05,8681.45,12,stop,Pin Bar,9.0,-1735.1999999999825,-1.6383319831634546,4
JSWENERGY,2024-04-19,2024-04-24,633.05,596.45,172,stop,Bullish Engulfing,7.0,-6295.199999999984,-5.781533844088127,5
BHEL,2024-02-15,2024-04-26,227.5,276.15000000000003,492,target,Bullish Engulfing,8.0,23935.800000000017,21.3846153846154,71
RECLTD,2024-01-20,2024-05-02,458.0,538.6000000000001,233,target,Morning Star,10.0,18779.800000000032,17.5982532751092,103
OIL,2024-05-03,2024-05-10,422.45,403.3,266,stop,Pin Bar,9.0,-5093.899999999994,-4.533080837968983,7
HAL,2024-05-09,2024-05-16,3895.8,4307.85,28,target,Bullish Engulfing,10.0,11537.400000000005,10.576774988449111,7
PRESTIGE,2024-05-14,2024-05-23,1499.8,1645.5999999999997,74,target,Pin Bar,9.0,10789.199999999979,9.721296172823024,9
PETRONET,2024-05-23,2024-05-27,297.2,289.95,393,stop,Pin Bar,9.0,-2849.25,-2.439434724091516,4
ADANIPOWER,2024-05-15,2024-05-31,127.25,149.54999999999998,889,target,Bullish Engulfing,10.0,19824.699999999986,17.524557956777986,16
BHEL,2024-05-14,2024-06-04,286.35,267.0,392,stop,Morning Star,10.0,-7585.200000000009,-6.757464641173394,21
MAZDOCK,2024-05-30,2024-06-04,1702.05,1487.45,68,stop,Bullish Engulfing,7.0,-14592.799999999994,-12.608325254839748,5
KEI,2024-06-04,2024-06-05,4250.05,4064.95,26,stop,Morning Star,7.0,-4812.6000000000095,-4.355242879495547,1
GODFRYPHLP,2024-05-15,2024-06-21,1212.05,1462.2499999999998,93,target,Bullish Engulfing,10.0,23268.599999999984,20.642712759374593,37
PHOENIXLTD,2024-07-03,2024-07-04,1799.25,1878.85,65,target,Pin Bar,9.0,5173.9999999999945,4.424065582881753,1
OFSS,2024-06-28,2024-07-15,9334.05,10201.249999999996,12,target,Bullish Engulfing,7.0,10406.399999999965,9.290715177227437,17
GVT&D,2024-07-12,2024-07-16,1698.05,1611.95,68,stop,Pin Bar,9.0,-5854.799999999994,-5.070522069432581,4
HAL,2024-06-25,2024-07-18,5375.0,5114.55,21,stop,Bullish Engulfing,7.0,-5469.449999999996,-4.84558139534883,23
SIEMENS,2024-06-25,2024-07-18,5822.05,5600.5,19,stop,Bullish Engulfing,7.0,-4209.4500000000035,-3.805360654752199,23
MARUTI,2024-07-19,2024-07-22,12680.05,12462.95,9,stop,Pin Bar,9.0,-1953.899999999987,-1.7121383590758543,3
BAJAJ-AUTO,2024-06-05,2024-07-23,9141.05,8590.45,12,stop,Pin Bar,9.0,-6607.1999999999825,-6.023378058319329,48
PETRONET,2024-07-11,2024-07-25,320.05,346.65000000000003,362,target,Pin Bar,9.0,9629.200000000008,8.311201374785204,14
PGEL,2024-07-23,2024-07-25,377.05,443.15000000000003,303,target,Bullish Engulfing,10.0,20028.300000000007,17.530831454714235,2
360ONE,2024-07-08,2024-07-29,1034.95,1062.9499999999998,113,target,Bullish Engulfing,7.0,3163.9999999999745,2.7054447074737586,21
MOTILALOFS,2024-09-23,2024-10-01,799.9499999999999,733.2,148,stop,Bullish Engulfing,10.0,-9878.999999999984,-8.344271516969792,8
HAVELLS,2024-09-30,2024-10-01,2037.05,2000.5,58,stop,Pin Bar,9.0,-2119.8999999999974,-1.7942613092462145,1
LUPIN,2024-10-09,2024-10-10,2228.8,2139.95,53,stop,Bullish Engulfing,8.0,-4709.050000000019,-3.986450107681283,1
INFY,2024-10-03,2024-10-15,1868.55,1943.9499999999996,63,target,Bullish Engulfing,8.0,4750.199999999977,4.035214471113946,12
GODFRYPHLP,2024-10-09,2024-10-22,2311.05,2087.95,51,stop,Bullish Engulfing,8.0,-11378.100000000019,-9.65362064862294,13
DIXON,2024-10-21,2024-10-22,15470.0,14908.95,7,stop,Bullish Engulfing,7.0,-3927.349999999995,-3.6266968325791793,1
TECHM,2024-10-21,2024-10-31,1670.3,1575.15,70,stop,Pin Bar,9.0,-6660.499999999991,-5.696581452433691,10
OBEROIRLTY,2024-10-30,2024-10-31,1990.05,1945.4,57,stop,Pin Bar,9.0,-2545.049999999992,-2.2436622195422196,1
INDHOTEL,2024-11-18,2024-11-25,742.8,809.1999999999998,154,target,Bullish Engulfing,7.0,10225.599999999979,8.939149165320392,7
PGEL,2024-12-02,2024-12-05,732.05,808.0499999999997,158,target,Bullish Engulfing,7.0,12007.999999999964,10.381804521549043,3
HDFCAMC,2024-12-16,2024-12-18,2185.2,2113.25,53,stop,Pin Bar,9.0,-3813.3499999999904,-3.2926047958996785,2
TRENT,2024-12-16,2024-12-18,4685.35,4579.95,25,stop,Pin Bar,8.0,-2635.0000000000136,-2.2495651338747535,2
BSE,2024-12-20,2024-12-23,1940.5,1818.45,59,stop,Bullish Engulfing,7.0,-7200.949999999997,-6.289616078330329,3
360ONE,2024-12-26,2025-01-06,1239.75,1316.9499999999998,93,target,Pin Bar,9.0,7179.599999999983,6.227061907642661,11
INDHOTEL,2025-01-01,2025-01-06,881.05,857.95,132,stop,Pin Bar,9.0,-3049.199999999988,-2.6218716304409417,5
MOTILALOFS,2025-01-02,2025-01-06,984.55,932.1,119,stop,Bullish Engulfing,7.0,-6241.549999999992,-5.32730689147326,4
DIXON,2025-01-01,2025-01-08,18028.899999999998,17471.95,6,stop,Pin Bar,9.0,-3341.6999999999825,-3.0892067735690865,7
BSE,2025-01-23,2025-01-27,1938.55,1866.95,59,stop,Pin Bar,9.0,-4224.399999999994,-3.693482241881818,4
DIVISLAB,2025-02-12,2025-02-14,5964.85,5862.05,19,stop,Pin Bar,9.0,-1953.2000000000035,-1.7234297593401338,2
WIPRO,2025-02-04,2025-02-24,310.0,292.7,374,stop,Bullish Engulfing,10.0,-6470.200000000004,-5.58064516129032,20
BAJAJHLDNG,2025-02-18,2025-02-25,12094.05,11602.0,9,stop,Pin Bar,9.0,-4428.449999999993,-4.0685295661916365,7
INDIGO,2025-03-04,2025-03-19,4492.6,4942.800000000001,24,target,Pin Bar,9.0,10804.800000000017,10.020923296086902,15
MANAPPURAM,2025-02-20,2025-03-21,206.73000000000002,245.79000000000008,558,target,Bullish Engulfing,8.0,21795.480000000032,18.89420983892036,29
M&M,2024-06-06,2025-04-07,2753.75,2448.1499999999996,41,stop,Bullish Engulfing,7.0,-12529.600000000015,-11.097594189741278,305
SBICARD,2025-02-13,2025-04-07,825.0,771.4000000000001,139,stop,Bullish Engulfing,10.0,-7450.399999999987,-6.49696969696969,53
SRF,2025-03-04,2025-04-07,2836.0,2725.2,39,stop,Bullish Engulfing,10.0,-4321.200000000007,-3.9069111424541725,34
CHOLAFIN,2025-03-06,2025-04-07,1469.0,1394.0,77,stop,Pin Bar,9.0,-5775.0,-5.105513955071473,32
MAZDOCK,2025-04-03,2025-04-07,2610.05,2520.25,44,stop,Pin Bar,9.0,-3951.200000000008,-3.440547115955639,4
SHRIRAMFIN,2025-04-04,2025-04-07,660.5999999999999,630.45,175,stop,Morning Star,8.0,-5276.249999999976,-4.56403269754766,3
BAJAJFINSV,2025-02-03,2025-04-21,1780.05,2106.25,65,target,Pin Bar,9.0,21203.000000000004,18.32532794022641,77
LTF,2025-05-08,2025-05-09,169.35000000000002,162.60999999999999,671,stop,Bullish Engulfing,10.0,-4522.540000000025,-3.9799232359019943,1
BAJFINANCE,2025-05-08,2025-05-09,900.05,871.95,125,stop,Bullish Engulfing,8.0,-3512.4999999999886,-3.1220487750680426,1
BDL,2025-04-29,2025-05-14,1508.6499999999999,1780.0499999999995,76,target,Bullish Engulfing,7.0,20626.399999999972,17.989593345043552,15
MAZDOCK,2025-04-29,2025-05-16,2817.9,3275.250000000001,40,target,Bullish Engulfing,10.0,18294.000000000033,16.230171404237236,17
INDIGO,2025-05-16,2025-05-21,5599.0,5409.95,21,stop,Bullish Engulfing,7.0,-3970.050000000004,-3.3764958028219327,5
INDIGO,2025-05-22,2025-05-27,5482.55,5389.95,21,stop,Pin Bar,9.0,-1944.6000000000076,-1.6889950844041657,5
ICICIBANK,2025-05-23,2025-06-04,1445.35,1427.75,81,stop,Pin Bar,9.0,-1425.5999999999926,-1.2176981353997252,12
MCX,2025-06-16,2025-06-23,1538.05,1666.2499999999998,76,target,Bullish Engulfing,7.0,9743.199999999986,8.33522967393776,7
MUTHOOTFIN,2025-06-26,2025-06-27,2590.05,2534.0499999999997,46,stop,Pin Bar,9.0,-2576.000000000021,-2.1621204223856827,1
CDSL,2025-06-23,2025-06-30,1688.95,1801.55,70,target,Bullish Engulfing,10.0,7881.999999999994,6.666864027946362,7
BEL,2025-06-16,2025-07-01,397.8,434.50000000000006,295,target,Bullish Engulfing,10.0,10826.500000000013,9.225741578682767,15
AUBANK,2025-06-17,2025-07-01,783.55,836.7499999999998,150,target,Bullish Engulfing,7.0,7979.999999999973,6.789611384085226,14
NAM-INDIA,2025-05-13,2025-07-15,688.25,838.8499999999999,168,target,Morning Star,7.0,25300.799999999985,21.881583726843434,63
HAL,2025-05-22,2025-07-18,5009.95,4779.25,23,stop,Bullish Engulfing,7.0,-5306.099999999996,-4.604836375612531,57
ABCAPITAL,2025-07-22,2025-07-25,272.5,262.9,449,stop,Bullish Engulfing,10.0,-4310.400000000011,-3.5229357798165273,3
BAJAJFINSV,2025-05-06,2025-08-01,2036.6499999999999,1917.15,56,stop,Morning Star,8.0,-6691.999999999987,-5.8674784572705025,87
MUTHOOTFIN,2025-06-30,2025-08-12,2589.25,2515.95,46,stop,Pin Bar,9.0,-3371.8000000000084,-2.830935599111717,43
RBLBANK,2025-08-08,2025-08-12,270.05,256.9,448,stop,Bullish Engulfing,10.0,-5891.200000000015,-4.8694686169228,4
INDIGO,2025-08-12,2025-08-28,5905.05,5734.45,20,stop,Bullish Engulfing,8.0,-3412.0000000000073,-2.8890525905792552,16
CUMMINSIND,2025-08-29,2025-09-09,3857.05,4016.6500000000005,31,target,Pin Bar,9.0,4947.600000000011,4.137877393344658,11
GVT&D,2025-09-01,2025-09-19,2802.05,3100.250000000001,42,target,Morning Star,8.0,12524.40000000003,10.642208383148088,18
POLYCAB,2025-09-16,2025-09-22,7280.05,7580.250000000001,16,target,Pin Bar,9.0,4803.200000000012,4.123598052211186,6
RBLBANK,2025-09-19,2025-10-01,273.25,262.65,445,stop,Bullish Engulfing,10.0,-4717.00000000001,-3.8792314730100697,12
ASHOKLEY,2025-09-29,2025-10-03,143.05,138.95999999999998,853,stop,Bullish Engulfing,7.0,-3488.7700000000273,-2.859140160782969,4
LTF,2025-09-30,2025-10-16,247.60000000000002,272.80000000000007,492,target,Bullish Engulfing,10.0,12398.400000000023,10.1777059773829,16
ABCAPITAL,2025-10-14,2025-10-30,300.45,321.65000000000003,405,target,Bullish Engulfing,10.0,8586.000000000018,7.056082542852393,16
NATIONALUM,2025-11-10,2025-11-11,241.15,258.55000000000007,510,target,Bullish Engulfing,10.0,8874.000000000033,7.21542608335064,1
MOTILALOFS,2025-11-04,2025-11-24,1014.05,941.2,121,stop,Bullish Engulfing,10.0,-8814.84999999999,-7.184063902174442,20
LTF,2025-11-25,2025-11-27,294.65000000000003,309.3500000000001,418,target,Bullish Engulfing,10.0,6144.600000000019,4.988969964364509,2
PNB,2025-11-12,2025-12-03,119.21,116.63000000000001,1039,stop,Pin Bar,9.0,-2680.6199999999835,-2.1642479657746683,21
BANKINDIA,2025-11-10,2025-12-08,140.95,134.11999999999998,878,stop,Bullish Engulfing,7.0,-5996.740000000011,-4.845689960979083,28
NATIONALUM,2025-12-10,2025-12-22,267.05,282.65000000000003,460,target,Pin Bar,9.0,7176.000000000011,5.841602696124326,12
CUMMINSIND,2025-12-30,2026-01-05,4453.35,4315.95,27,stop,Bullish Engulfing,7.0,-3709.8000000000147,-3.0853177944693444,6
ASHOKLEY,2026-01-20,2026-01-21,188.93,182.29,653,stop,Bullish Engulfing,10.0,-4335.92000000001,-3.514529190705562,1
HINDALCO,2026-01-13,2026-01-27,927.4,978.0999999999999,133,target,Morning Star,10.0,6743.099999999991,5.466896700452861,14
NATIONALUM,2026-01-12,2026-01-28,352.0,390.74999999999994,350,target,Bullish Engulfing,7.0,13562.49999999998,11.008522727272707,16
INDIANB,2026-01-29,2026-02-01,881.75,840.0500000000001,141,stop,Morning Star,7.0,-5879.699999999991,-4.729231641621768,3
UNIONBANK,2026-02-12,2026-02-17,175.45000000000002,184.33000000000007,705,target,Pin Bar,9.0,6260.400000000037,5.061271017383895,5
UNIONBANK,2026-02-17,2026-02-23,178.77,194.35000000000005,693,target,Bullish Engulfing,10.0,10796.940000000028,8.715108799015514,6
BAJAJ-AUTO,2026-02-03,2026-02-25,9933.0,10068.249999999996,12,target,Pin Bar,9.0,1622.9999999999563,1.3616228732507452,22
SHRIRAMFIN,2026-02-25,2026-02-26,1066.05,1097.8499999999997,119,target,Pin Bar,9.0,3784.1999999999675,2.9829745321513723,1
ASHOKLEY,2026-02-23,2026-03-02,209.76,201.76,600,stop,Bullish Engulfing,10.0,-4800.0,-3.8138825324180003,7
CANBK,2026-02-23,2026-03-04,150.05,143.61999999999998,840,stop,Bullish Engulfing,9.0,-5401.20000000003,-4.28523825391538,9
BANKINDIA,2026-02-17,2026-03-06,161.0,154.45999999999998,768,stop,Bullish Engulfing,10.0,-5022.720000000016,-4.062111801242252,17
ONGC,2026-03-09,2026-03-10,289.0,271.09999999999997,436,stop,Pin Bar,9.0,-7804.400000000015,-6.193771626297595,1
NATIONALUM,2026-03-04,2026-03-12,365.0,409.6500000000001,342,target,Bullish Engulfing,9.0,15270.300000000032,12.2328767123288,8
NATIONALUM,2026-03-12,2026-03-16,403.5,380.59999999999997,312,stop,Morning Star,7.0,-7144.80000000001,-5.675340768277581,4
HINDALCO,2026-03-04,2026-03-19,945.4499999999999,896.0500000000001,132,stop,Bullish Engulfing,7.0,-6520.799999999982,-5.225025120313065,15
BSE,2026-03-17,2026-03-23,2890.0,2776.95,43,stop,Bullish Engulfing,9.0,-4861.150000000008,-3.911764705882359,6
MCX,2026-02-03,2026-04-28,2500.0,2913.250000000001,49,target,Bullish Engulfing,7.0,20249.250000000044,16.530000000000044,84
AUROPHARMA,2026-04-06,2026-05-06,1344.0,1484.7500000000002,92,target,Pin Bar,9.0,12949.000000000022,10.472470238095255,30
POLYCAB,2026-05-04,2026-05-07,8163.55,8549.75,15,target,Pin Bar,9.0,5792.999999999997,4.730785013872629,3
COALINDIA,2026-05-12,2026-05-14,465.8,452.8,273,stop,Bullish Engulfing,10.0,-3549.0,-2.7908973808501547,2
CUMMINSIND,2026-05-04,2026-05-27,5308.85,5686.6500000000015,23,target,Pin Bar,9.0,8689.400000000025,7.116418810100145,23
CGPOWER,2026-05-06,2026-05-27,833.05,911.0499999999997,153,target,Bullish Engulfing,10.0,11933.999999999965,9.363183482383985,21
NAM-INDIA,2026-06-05,2026-06-08,1143.05,1045.25,114,stop,Bullish Engulfing,10.0,-11149.199999999995,-8.556056165522063,3
RBLBANK,2026-04-29,2026-06-15,328.0,371.9,385,target,Bullish Engulfing,8.0,16901.499999999993,13.38414634146341,47
CGPOWER,2026-06-15,2026-06-17,928.0,962.2499999999998,138,target,Pin Bar,9.0,4726.499999999969,3.690732758620663,2
NMDC,2026-05-14,2026-06-23,92.0,86.33,1392,stop,Morning Star,8.0,-7892.640000000002,-6.163043478260876,40
CUMMINSIND,2026-06-23,2026-06-24,5802.5,5636.95,22,stop,Pin Bar,9.0,-3642.100000000004,-2.8530805687203786,1
GVT&D,2026-06-04,2026-07-03,5134.0,4580.95,25,stop,Morning Star,10.0,-13826.250000000004,-10.772302298402813,29
ZYDUSLIFE,2026-06-04,2026-07-06,1081.1499999999999,1145.7499999999993,120,target,Pin Bar,9.0,7751.9999999999345,5.975119086158198,32
PNBHOUSING,2026-07-20,2026-07-23,1102.1499999999999,1072.65,116,stop,Pin Bar,9.0,-3421.9999999999736,-2.6765866715056763,3
BHEL,2026-07-27,2026-07-29,420.0,402.09999999999997,305,stop,Bullish Engulfing,10.0,-5459.50000000001,-4.261904761904766,2
SIEMENS,2026-07-31,2026-08-03,3665.05,3830.050000000001,34,target,Pin Bar,9.0,5610.000000000031,4.501984966098704,3
