symbol,entry_date,exit_date,entry_price,exit_price,qty,reason,pnl,ret_pct,holding_days
MOTHERSON,2021-02-12,2021-03-24,78.47,80.348904,1316,stop,2472.6376640000076,2.3944233465018616,40
ABCAPITAL,2021-02-22,2021-04-12,106.15,113.57789,1008,stop,7487.313119999991,6.997541215261416,49
CHOLAFIN,2021-04-28,2021-05-10,583.8,528.8812399999996,192,stop,-10544.40192000007,-9.40711887632757,12
BHEL,2021-05-12,2021-06-14,71.4,67.48067999999996,1595,stop,-6251.315400000067,-5.4892436974790515,33
ADANIENSOL,2021-01-21,2021-06-30,471.65,1069.0,212,stop,126638.20000000001,126.65111841407825,160
PGEL,2021-05-31,2021-07-16,40.9,39.77958,2922,stop,-3273.8672399999878,-2.7394132029339713,46
MOTHERSON,2021-05-10,2021-07-26,93.33,91.58515799999999,1213,stop,-2116.4933460000066,-1.869540340726461,77
NATIONALUM,2021-06-29,2021-08-18,75.54,76.809994,1494,stop,1897.3710359999955,1.6812205454064033,50
LAURUSLABS,2021-08-10,2021-08-23,706.85,633.8478200000001,166,stop,-12118.361879999993,-10.327817783122295,13
VEDL,2021-07-30,2021-09-20,135.15,127.23723000000003,897,stop,-7097.7546899999825,-5.854805771365134,52
INOXWIND,2021-04-23,2021-10-01,21.59,24.050880000000006,5260,stop,12944.228800000035,11.398239925891641,161
OFSS,2021-10-19,2021-10-21,4431.0,4074.8531,26,stop,-9259.819400000004,-8.03761904761905,2
DLF,2021-09-27,2021-10-29,420.0,391.0447,267,stop,-7731.065100000006,-6.894119047619052,32
NATIONALUM,2021-09-06,2021-11-18,97.13,92.65743000000002,1196,stop,-5349.193719999971,-4.604725625450401,73
WIPRO,2021-07-14,2021-11-23,268.45,304.94245000000006,428,stop,15618.768600000032,13.593760476811356,132
COFORGE,2021-11-17,2021-12-07,1168.0,1007.7917,95,stop,-15219.7885,-13.716464041095888,20
IEX,2021-12-10,2021-12-20,295.25,244.36553000000004,370,stop,-18827.25389999999,-17.234367485182034,10
WIPRO,2021-12-24,2022-01-19,333.8,298.37986,325,stop,-11511.545500000002,-10.611186339125222,26
TECHM,2021-10-22,2022-01-24,1425.7,1457.4887199999998,79,stop,2511.308879999983,2.229692081082968,94
SIEMENS,2021-12-10,2022-01-24,1862.85,1743.8207699999996,58,stop,-6903.695340000018,-6.389630405024582,45
RADICO,2021-12-23,2022-01-24,1179.65,1048.2454899999998,91,stop,-11957.810410000027,-11.139279447293715,32
GMRAIRPORT,2021-12-09,2022-01-25,43.85,39.51089999999999,2497,stop,-10834.732700000022,-9.895324971493746,47
TITAN,2022-01-07,2022-01-27,2572.7,2267.47097,42,stop,-12819.61926,-11.864151669452328,20
TIINDIA,2022-01-07,2022-02-10,1777.25,1713.1030100000003,62,stop,-3977.1133799999834,-3.6093397102264557,34
UNIONBANK,2022-02-02,2022-02-15,43.41,36.25502,2476,stop,-17715.730479999987,-16.482331260078308,13
AMBER,2022-02-03,2022-02-18,3888.05,3316.84776951385,27,stop,-15422.460223126058,-14.691226462780838,15
SRF,2021-12-16,2022-02-22,2216.4,2300.1,48,stop,4017.5999999999913,3.776394152680007,68
ADANIGREEN,2022-01-10,2022-02-24,1438.9,1823.301319424387,77,stop,29598.90159567779,26.714943319507036,45
TATAELXSI,2022-01-19,2022-02-24,6977.25,6032.8659,16,stop,-15110.145600000003,-13.535190798667095,36
INDIGO,2022-02-11,2022-02-24,2264.95,1863.3271300000001,46,stop,-18474.652019999987,-17.73208547650057,13
CHOLAFIN,2022-01-25,2022-03-07,643.6,620.02635,166,stop,-3913.225900000007,-3.6627796768179066,41
BANKBARODA,2022-01-31,2022-03-07,93.6,83.52766000000003,1140,stop,-11482.467599999964,-10.761047008546976,35
ONGC,2022-03-07,2022-04-27,168.9,148.68699999999995,575,stop,-11622.47500000003,-11.967436352871552,51
OIL,2022-01-27,2022-05-02,153.25,151.26611999999992,689,stop,-1366.893320000058,-1.2945383360522533,95
TITAN,2022-03-15,2022-05-02,2556.95,2435.0,36,stop,-4390.199999999993,-4.76935411329904,48
JINDALSTEL,2022-03-03,2022-05-06,445.1,498.44915000000003,223,stop,11896.860450000002,11.985879577623004,64
COALINDIA,2022-03-03,2022-05-10,175.9,167.96806545372772,564,stop,-4473.611084097571,-4.509343118972309,68
GAIL,2022-03-03,2022-05-10,93.91,88.10882199999996,1057,stop,-6131.845146000038,-6.17738047066344,68
ADANIENSOL,2022-03-02,2022-05-11,2241.05,2281.99836,44,stop,1801.727839999994,1.8271952879230557,70
MAXHEALTH,2022-04-27,2022-05-26,411.0,351.1538100000001,244,stop,-14602.470359999981,-14.561116788321149,29
POWERGRID,2022-03-03,2022-06-16,159.85,161.74831,621,stop,1178.8505100000057,1.1875570847669659,105
KEI,2022-06-01,2022-06-30,1297.25,1122.0571499999999,73,stop,-12789.07805000001,-13.504941221815391,29
BRITANNIA,2022-05-25,2022-08-29,3516.5,3596.4704699999998,26,stop,2079.2322199999935,2.2741495805488343,96
BAJAJ-AUTO,2022-05-27,2022-09-05,3738.5,3849.2505,25,stop,2768.7625000000025,2.9624314564665077,101
CGPOWER,2022-06-24,2022-09-06,186.2,216.46246,503,stop,15222.017380000003,16.252663802363053,74
NESTLEIND,2022-07-04,2022-09-06,899.7,951.15102,103,stop,5299.455059999997,5.71868622874292,64
SIEMENS,2022-07-04,2022-09-26,1920.9,2146.0710999999997,48,stop,10808.21279999998,11.722166692696101,84
CUMMINSIND,2022-07-04,2022-09-26,1052.15,1164.8274999999994,88,stop,9915.61999999994,10.709261987359152,84
ASIANPAINT,2022-09-28,2022-09-30,3570.65,3323.7435900000005,29,stop,-7160.285889999988,-6.914886925349717,2
PHOENIXLTD,2022-10-07,2022-10-17,725.8,669.1045229034339,147,stop,-8334.235133195207,-7.811446279493806,10
EICHERMOT,2022-05-18,2022-11-18,2696.0,3394.1113100000007,35,stop,24433.895850000023,25.894336424332366,184
BEL,2022-03-09,2022-11-30,74.15,104.25805999999996,1287,stop,38749.07321999994,40.60426163182731,266
COALINDIA,2022-10-18,2022-12-16,225.0,208.87569000000005,478,stop,-7707.420179999976,-7.166359999999983,59
CGPOWER,2022-09-19,2022-12-21,240.05,263.35920999999985,452,stop,10535.762919999926,9.710147885857046,93
FEDERALBNK,2022-07-01,2022-12-22,93.65,129.83067999999997,992,stop,35891.23455999997,38.63393486385473,174
PIIND,2022-11-09,2023-01-04,3623.7,3378.1245,30,stop,-7367.264999999998,-6.776926897922008,56
VBL,2022-11-11,2023-01-11,221.3,245.6348999999999,486,stop,11826.761399999947,10.99633981021233,61
TIINDIA,2022-12-02,2023-01-11,2933.3,2597.6915499999996,37,stop,-12417.512650000022,-11.441327174172455,40
DABUR,2022-12-06,2023-01-12,592.6,542.509798206731,187,stop,-9366.8677353413,-8.45261589491546,37
ABCAPITAL,2022-11-09,2023-01-25,130.6,143.08764000000002,835,stop,10427.179400000023,9.561745788667707,77
HDFCBANK,2023-01-20,2023-01-30,830.5,791.8662199999999,126,stop,-4867.8562800000145,-4.651869957856725,10
BAJAJ-AUTO,2023-01-30,2023-02-27,3746.0,3610.0747,27,stop,-3669.9830999999967,-3.6285451147891057,28
BRITANNIA,2023-02-06,2023-03-06,4625.65,4292.4245,22,stop,-7330.96099999999,-7.203863240841823,28
TCS,2023-01-25,2023-03-10,3429.75,3294.498650000001,30,stop,-4057.540499999973,-3.9434754719731457,44
COFORGE,2023-01-27,2023-03-10,859.0,841.3575617300073,121,stop,-2134.735030669114,-2.053834490103923,42
KEI,2023-02-03,2023-03-13,1677.9,1578.0293899999997,62,stop,-6191.977820000025,-5.952119315811455,38
KPITTECH,2023-02-06,2023-03-14,776.3,771.8709500000001,135,stop,-597.9217499999794,-0.5705332989823342,36
BDL,2023-02-23,2023-03-28,485.0,440.1499140345885,216,stop,-9687.618568528884,-9.247440405239482,33
GODREJCP,2023-03-20,2023-04-28,960.0,933.0,104,stop,-2808.0,-2.8124999999999956,39
PETRONET,2023-03-14,2023-05-04,211.2,209.07308000000006,476,stop,-1012.4139199999654,-1.0070643939393609,51
ALKEM,2023-02-10,2023-05-22,3292.7,3225.6,32,stop,-2147.199999999997,-2.0378412852674055,101
VBL,2023-03-03,2023-06-26,271.7,303.50381000000004,383,stop,12180.859230000022,11.705487670224525,115
PIIND,2023-04-28,2023-07-11,3384.5,3602.0408100000004,32,stop,6961.305920000013,6.427561235042112,74
RVNL,2023-04-10,2023-07-13,74.3,118.97293780164355,1397,stop,62408.094108896046,60.125084524419314,94
ABB,2023-05-04,2023-07-20,3645.35,4221.050209999999,31,stop,17846.706509999985,15.792727995940027,77
CHOLAFIN,2023-04-12,2023-08-02,820.25,1099.0,126,stop,35122.5,33.98354160316976,112
CUMMINSIND,2023-05-25,2023-08-04,1650.15,1850.0,70,stop,13989.499999999993,12.111020210283918,71
ABCAPITAL,2023-03-09,2023-08-14,156.65,180.17679000000004,665,stop,15645.315350000023,15.018697733801488,158
ABB,2023-07-28,2023-08-14,4516.2,4282.608955937929,29,stop,-6774.140277800058,-5.172291839645515,17
KPITTECH,2023-08-04,2023-09-21,1146.25,1112.7276300000008,112,stop,-3754.5054399999135,-2.924525190839622,48
HAL,2023-02-23,2023-09-28,1270.5,1904.5236100000006,82,stop,51989.93602000005,49.90347186147191,217
KEI,2023-10-04,2023-10-25,2655.25,2516.4705800000006,51,stop,-7077.750419999969,-5.22660465116277,21
POLYCAB,2023-12-08,2024-01-09,5446.65,5177.4802899999995,27,stop,-7267.582170000003,-4.941931462458582,32
ADANIPOWER,2023-11-28,2024-01-17,89.25,101.21698999999998,1615,stop,19326.68884999997,13.408392156862714,50
MAZDOCK,2023-12-06,2024-02-05,1057.3,1097.5498400000001,144,stop,5795.976960000025,3.806851413979029,61
BSE,2024-02-08,2024-03-11,837.0,730.0481,211,stop,-22566.850900000005,-12.778004778972518,32
PHOENIXLTD,2023-11-03,2024-03-13,1002.3,1302.7876300000003,136,stop,40866.317680000044,29.979809438291973,131
CAMS,2023-11-21,2024-03-13,568.9,545.6145799999998,252,stop,-5867.92584000004,-4.093060291791206,113
MCX,2024-02-02,2024-03-13,731.0,652.4396,231,stop,-18147.45239999999,-10.746976744186043,40
AMBER,2023-11-07,2024-03-15,3396.65,3335.5417799999996,40,stop,-2444.328800000021,-1.7990732044809055,129
RECLTD,2023-03-14,2024-03-19,117.05,432.30519000000004,860,stop,271119.4634,269.3337804357113,371
SHRIRAMFIN,2024-04-05,2024-05-13,503.75,455.78696999999994,320,stop,-15348.16960000002,-9.521197022332517,38
KEI,2024-03-26,2024-06-04,3473.85,3630.77671,45,stop,7061.701950000008,4.51737150423881,70
MOTILALOFS,2024-04-08,2024-06-04,472.2,538.4363299999999,344,stop,22785.297519999964,14.02717704362557,57
GODREJPROP,2024-04-09,2024-06-04,2704.5,2557.1340800000003,60,stop,-8841.955199999984,-5.4489155111850485,56
NATIONALUM,2024-04-10,2024-06-04,178.88,173.872716,922,stop,-4616.715847999999,-2.799241949910558,55
ZYDUSLIFE,2024-05-21,2024-06-04,1088.35,944.3339500000001,167,stop,-24050.680349999973,-13.23251251895069,14
NAM-INDIA,2024-06-12,2024-07-19,648.95,626.0503800000002,280,stop,-6411.893599999944,-3.5287186994375164,37
BEL,2024-02-23,2024-07-23,205.3,290.67359,833,stop,71116.20046999998,41.58479785679492,151
PRESTIGE,2024-04-02,2024-07-23,1313.65,1674.15663,122,stop,43981.80885999998,27.443126403532126,112
PHOENIXLTD,2024-04-02,2024-08-05,1449.35,1649.5,111,stop,22216.65000000001,13.80963880360162,125
INDUSTOWER,2024-06-27,2024-09-19,351.9,392.88403,535,stop,21926.45605000001,11.646499005399269,84
NAM-INDIA,2024-08-20,2024-09-30,704.0,648.45913,296,stop,-16440.09752000001,-7.889328125000006,41
OFSS,2024-06-07,2024-10-22,7918.0,10254.8024,22,stop,51409.65280000001,29.512533468047497,137
GODFRYPHLP,2024-08-13,2024-10-22,1464.0,2116.0578,135,stop,88027.803,44.53946721311475,70
KFINTECH,2024-07-30,2024-10-23,821.95,969.4461931204083,235,stop,34661.60538329595,17.944667330179254,85
CAMS,2024-10-14,2024-10-28,920.1,857.8205877441802,242,stop,-15071.617765908393,-6.768765596763371,14
HDFCAMC,2024-10-16,2024-10-29,2318.8,2065.6896951059643,98,stop,-24804.80987961551,-10.915572921081418,13
TRENT,2023-10-30,2024-11-04,1413.2,4682.08838,95,stop,310544.3961,231.31109397112937,371
ETERNAL,2024-12-04,2025-01-07,286.25,256.95,768,stop,-22502.40000000001,-10.235807860262014,34
CAMS,2024-11-06,2025-01-08,934.5,951.00388,222,stop,3663.861359999996,1.7660652755484119,63
KALYANKJIL,2024-12-09,2025-01-08,775.45,686.4372500000001,293,stop,-26080.735749999996,-11.47885098974789,30
MOTILALOFS,2024-10-11,2025-01-10,808.55,873.6465600000001,274,stop,17836.45744000005,8.05102467379879,91
360ONE,2024-11-27,2025-01-10,1132.0,1115.3190999999993,187,stop,-3119.3283000001397,-1.4735777385159632,44
INDHOTEL,2024-11-13,2025-01-13,714.15,794.1175199999999,286,stop,22870.710719999977,11.197580340264635,61
GVT&D,2024-10-11,2025-01-21,1775.7,1822.9058599999998,125,stop,5900.7324999999755,2.658436672861386,102
PGEL,2024-11-06,2025-01-22,668.3,793.57155,310,stop,38834.18050000002,18.744807721083355,77
KFINTECH,2024-11-25,2025-02-12,1103.65,1024.1635099999996,191,stop,-15181.919590000087,-7.202146513840479,79
M&M,2025-02-03,2025-02-19,3173.3,2750.0,67,stop,-28361.100000000013,-13.339425834304986,16
PHOENIXLTD,2025-02-03,2025-02-28,1822.1,1475.6133600000007,117,stop,-40538.93687999991,-19.01578618078037,25
HINDALCO,2025-02-21,2025-04-04,653.55,622.2664199999998,315,stop,-9854.327700000045,-4.786715630020677,42
CIPLA,2025-03-17,2025-04-04,1492.6,1425.5993800000003,138,stop,-9246.085559999941,-4.488853008173632,18
SRF,2025-01-10,2025-04-07,2601.1,2570.2,83,stop,-2564.7000000000075,-1.1879589404482749,87
SBICARD,2025-01-14,2025-04-07,734.7,763.5,287,stop,8265.599999999988,3.9199673336055563,83
BAJAJHLDNG,2025-02-01,2025-04-07,11754.0,10400.0,18,stop,-24372.0,-11.519482729283649,65
BLUESTARCO,2025-03-04,2025-04-07,2100.65,1656.05,97,stop,-43126.20000000001,-21.164877537904935,34
PGEL,2025-03-06,2025-04-07,870.85,714.7,237,stop,-37007.549999999996,-17.93075730608026,32
SHRIRAMFIN,2025-02-28,2025-04-28,617.3,597.6303400000002,329,stop,-6471.318139999932,-3.1864020735460574,59
MARICO,2025-04-11,2025-06-03,709.95,699.6391726282607,269,stop,-2773.612562997893,-1.4523314841523138,53
BSE,2025-04-21,2025-07-08,2095.0,2555.49424,93,stop,42825.96432,21.980631980906917,78
SBICARD,2025-04-15,2025-07-28,882.4,832.1,218,stop,-10965.39999999999,-5.700362647325474,104
BAJAJHLDNG,2025-04-22,2025-07-28,12324.0,13537.9984,15,stop,18209.976000000006,9.85068484258358,97
MUTHOOTFIN,2025-06-06,2025-07-29,2446.2,2591.9097060669337,83,stop,12093.905603555515,5.956573708892732,53
ICICIBANK,2025-07-28,2025-08-28,1488.4,1408.0,133,stop,-10693.200000000012,-5.401773716742819,31
INDIGO,2025-03-04,2025-08-29,4598.7,5668.4621,44,stop,47069.5324,23.26227194641963,178
EICHERMOT,2025-08-25,2025-10-24,5990.5,6793.0161,33,stop,26483.031299999995,13.396479425757457,60
HAL,2025-09-16,2025-10-30,4840.0,4677.876439999999,41,stop,-6647.065960000037,-3.34966033057853,44
DELHIVERY,2025-10-29,2025-11-06,484.7,447.2735899999999,421,stop,-15756.518610000037,-7.721561790798448,8
WAAREEENER,2025-08-28,2025-11-07,3417.3,3328.7869800000003,57,stop,-5045.242139999993,-2.590144851198306,71
360ONE,2025-10-20,2026-01-21,1183.3,1096.21954,175,stop,-15239.080499999984,-7.359119411814408,93
HEROMOTOCO,2025-11-17,2026-01-21,5798.5,5537.1586,35,stop,-9146.949000000008,-4.507051823747521,65
EICHERMOT,2025-11-21,2026-01-21,7134.5,7030.5038,29,stop,-3015.889799999988,-1.4576522531361658,61
NAM-INDIA,2025-12-19,2026-01-21,888.45,836.5741499999999,238,stop,-12346.45230000003,-5.838916089819357,33
ABCAPITAL,2025-08-05,2026-01-29,282.0,339.71814000000006,701,stop,40460.416140000045,20.46742553191492,177
MANAPPURAM,2025-12-18,2026-01-30,287.05,276.4538600000001,732,stop,-7756.374479999952,-3.6913917435986487,43
MUTHOOTFIN,2025-08-14,2026-02-01,2757.4,3696.8156400000003,71,stop,66698.51044000001,34.06889243490245,171
BSE,2026-01-29,2026-02-01,2861.6,2544.485600000002,77,stop,-24417.808799999853,-11.08171652222526,3
BSE,2026-02-02,2026-03-04,2701.6,2582.6386600000005,77,stop,-9160.023179999953,-4.403366153390564,30
FEDERALBNK,2026-01-21,2026-03-09,276.1,280.0,772,stop,3010.7999999999824,1.4125316914161523,47
NMDC,2025-12-17,2026-03-16,75.0,76.62588999999998,2807,stop,4563.873229999956,2.167853333333314,89
BEL,2026-01-28,2026-03-16,453.0,425.26791000000003,481,stop,-13339.135289999986,-6.121874172185427,47
GVT&D,2026-02-01,2026-03-23,3243.6,3480.00826,63,stop,14893.72038000001,7.288452953508462,50
KEI,2026-02-09,2026-03-23,4599.1,4050.097520000003,47,stop,-25803.11655999988,-11.93717205540209,42
DMART,2026-04-08,2026-05-19,4368.8,4218.08994,49,stop,-7384.792940000017,-3.449690075077827,41
COALINDIA,2026-03-05,2026-05-27,449.4,429.0,494,stop,-10077.59999999999,-4.539385847797062,83
AUROPHARMA,2026-03-09,2026-06-15,1247.3,1391.7921599999997,176,stop,25430.620159999962,11.584395093401723,98
NMDC,2026-04-08,2026-06-23,82.91,86.16198000000001,2611,stop,8490.919780000046,3.9223012905560406,76
GVT&D,2026-04-10,2026-07-03,4067.0,4531.407160000001,54,stop,25077.986640000036,11.418912220309817,84
MCX,2025-10-09,2026-07-06,1741.0,2735.3085799999994,117,stop,116334.10385999993,57.111348650201,270
HDFCAMC,2026-07-03,2026-07-24,2800.2,2469.4306800000004,85,stop,-28115.39219999995,-11.812346260981343,21
BHARATFORG,2026-02-04,2026-08-10,1591.0,2068.2205599999998,136,stop,64901.996159999966,29.99500691389061,187
