date,equity
2021-07-27,1000000.0
2021-07-28,1000000.0
2021-07-29,1001712.25
2021-07-30,988546.95
2021-08-02,988546.95
2021-08-03,988546.95
2021-08-04,988546.95
2021-08-05,988546.95
2021-08-06,988546.95
2021-08-09,988546.95
2021-08-10,988546.95
2021-08-11,988546.95
2021-08-12,986117.64
2021-08-13,986678.25
2021-08-16,987924.05
2021-08-17,981196.73
2021-08-18,980885.28
2021-08-20,973223.61
2021-08-23,969174.76
2021-08-24,969174.76
2021-08-25,969174.76
2021-08-26,969174.76
2021-08-27,969174.76
2021-08-30,969174.76
2021-08-31,969174.76
2021-09-01,969174.76
2021-09-02,969174.76
2021-09-03,970746.46
2021-09-06,972141.46
2021-09-07,968421.46
2021-09-08,966747.46
2021-09-09,966003.46
2021-09-13,968328.46
2021-09-14,975327.6599999999
2021-09-15,986964.46
2021-09-16,989396.86
2021-09-17,989904.0599999999
2021-09-20,987441.36
2021-09-21,993302.96
2021-09-22,996329.8099999999
2021-09-23,1001509.71
2021-09-24,1001614.26
2021-09-27,999079.5599999999
2021-09-28,999079.5599999999
2021-09-29,999079.5599999999
2021-09-30,999079.5599999999
2021-10-01,999079.5599999999
2021-10-04,1007155.7099999998
2021-10-05,1002881.3099999999
2021-10-06,994907.9099999999
2021-10-07,993880.4099999999
2021-10-08,993880.4099999999
2021-10-11,993880.4099999999
2021-10-12,993880.4099999999
2021-10-13,993880.4099999999
2021-10-14,993880.4099999999
2021-10-18,993880.4099999999
2021-10-19,993880.4099999999
2021-10-20,993880.4099999999
2021-10-21,988288.4099999999
2021-10-22,983162.4099999999
2021-10-25,983162.4099999999
2021-10-26,983162.4099999999
2021-10-27,983162.4099999999
2021-10-28,983162.4099999999
2021-10-29,983162.4099999999
2021-11-01,983162.4099999999
2021-11-02,975927.8599999999
2021-11-03,974773.71
2021-11-04,976631.6099999999
2021-11-08,981163.7599999999
2021-11-09,984372.8599999999
2021-11-10,984795.1099999999
2021-11-11,981980.1099999999
2021-11-12,983359.46
2021-11-15,982740.1599999999
2021-11-16,988004.21
2021-11-17,992198.5599999999
2021-11-18,992198.5599999999
2021-11-22,992198.5599999999
2021-11-23,992198.5599999999
2021-11-24,992198.5599999999
2021-11-25,992198.5599999999
2021-11-26,992198.5599999999
2021-11-29,992198.5599999999
2021-11-30,992198.5599999999
2021-12-01,992198.5599999999
2021-12-02,992198.5599999999
2021-12-03,992198.5599999999
2021-12-06,992198.5599999999
2021-12-07,992198.5599999999
2021-12-08,992198.5599999999
2021-12-09,992198.5599999999
2021-12-10,992198.5599999999
2021-12-13,992198.5599999999
2021-12-14,992198.5599999999
2021-12-15,986269.26
2021-12-16,991393.76
2021-12-17,982166.26
2021-12-20,976986.76
2021-12-21,976255.9600000001
2021-12-22,976791.4600000001
2021-12-23,981875.56
2021-12-24,974548.66
2021-12-27,981006.16
2021-12-28,980609.26
2021-12-29,983337.16
2021-12-30,983664.76
2021-12-31,987482.56
2022-01-03,987482.56
2022-01-04,987482.56
2022-01-05,987482.56
2022-01-06,987482.56
2022-01-07,987482.56
2022-01-10,987482.56
2022-01-11,987482.56
2022-01-12,987482.56
2022-01-13,987482.56
2022-01-14,987482.56
2022-01-17,987482.56
2022-01-18,987201.31
2022-01-19,986323.81
2022-01-20,983432.56
2022-01-21,983432.56
2022-01-24,983432.56
2022-01-25,983432.56
2022-01-27,983432.56
2022-01-28,983432.56
2022-01-31,983432.56
2022-02-01,983432.56
2022-02-02,983432.56
2022-02-03,983432.56
2022-02-04,983432.56
2022-02-07,983432.56
2022-02-08,983432.56
2022-02-09,983432.56
2022-02-10,983432.56
2022-02-11,983432.56
2022-02-14,983432.56
2022-02-15,983432.56
2022-02-16,978079.56
2022-02-17,974377.16
2022-02-18,970020.8600000001
2022-02-21,970325.3600000001
2022-02-22,975385.8600000001
2022-02-23,973268.8600000001
2022-02-24,961436.8600000001
2022-02-25,961436.8600000001
2022-02-28,961436.8600000001
2022-03-02,961436.8600000001
2022-03-03,961436.8600000001
2022-03-04,961436.8600000001
2022-03-07,961436.8600000001
2022-03-08,961436.8600000001
2022-03-09,963467.2600000001
2022-03-10,971264.8600000001
2022-03-11,976211.2600000001
2022-03-14,977766.4600000002
2022-03-15,977766.4600000002
2022-03-16,977766.4600000002
2022-03-17,977766.4600000002
2022-03-21,977766.4600000002
2022-03-22,977766.4600000002
2022-03-23,978799.5100000002
2022-03-24,980450.2600000002
2022-03-25,978373.5100000002
2022-03-28,983187.3100000002
2022-03-29,982771.9600000002
2022-03-30,981462.0100000002
2022-03-31,982420.5100000002
2022-04-01,990290.8600000002
2022-04-04,990290.8600000002
2022-04-05,990290.8600000002
2022-04-06,990290.8600000002
2022-04-07,990290.8600000002
2022-04-08,990290.8600000002
2022-04-11,990290.8600000002
2022-04-12,990290.8600000002
2022-04-13,990290.8600000002
2022-04-18,990290.8600000002
2022-04-19,990290.8600000002
2022-04-20,990290.8600000002
2022-04-21,990290.8600000002
2022-04-22,988853.8200000002
2022-04-25,984117.6600000001
2022-04-26,984117.6600000001
2022-04-27,984117.6600000001
2022-04-28,984117.6600000001
2022-04-29,984117.6600000001
2022-05-02,984117.6600000001
2022-05-04,984117.6600000001
2022-05-05,984117.6600000001
2022-05-06,984117.6600000001
2022-05-09,984117.6600000001
2022-05-10,978701.26
2022-05-11,979255.21
2022-05-12,979255.21
2022-05-13,979255.21
2022-05-16,979255.21
2022-05-17,979255.21
2022-05-18,979255.21
2022-05-19,979255.21
2022-05-20,979255.21
2022-05-23,979255.21
2022-05-24,979255.21
2022-05-25,979255.21
2022-05-26,979255.21
2022-05-27,980910.71
2022-05-30,988285.21
2022-05-31,978051.21
2022-06-01,968268.71
2022-06-02,961195.21
2022-06-03,955476.21
2022-06-06,955476.21
2022-06-07,959093.8099999999
2022-06-08,956285.4099999999
2022-06-09,959236.61
2022-06-10,960521.8099999999
2022-06-13,954024.4099999999
2022-06-14,950859.01
2022-06-15,956809.01
2022-06-16,951811.01
2022-06-17,957261.21
2022-06-20,944647.21
2022-06-21,944647.21
2022-06-22,944647.21
2022-06-23,944647.21
2022-06-24,944647.21
2022-06-27,944647.21
2022-06-28,944647.21
2022-06-29,944647.21
2022-06-30,944647.21
2022-07-01,944647.21
2022-07-04,944647.21
2022-07-05,944017.4099999999
2022-07-06,950874.86
2022-07-07,952033.96
2022-07-08,952033.96
2022-07-11,952033.96
2022-07-12,952033.96
2022-07-13,952033.96
2022-07-14,952033.96
2022-07-15,952033.96
2022-07-18,952033.96
2022-07-19,952033.96
2022-07-20,952033.96
2022-07-21,953859.76
2022-07-22,955369.36
2022-07-25,953023.36
2022-07-26,950493.76
2022-07-27,950820.16
2022-07-28,956634.16
2022-07-29,959163.76
2022-08-01,960438.76
2022-08-02,960438.76
2022-08-03,960438.76
2022-08-04,960438.76
2022-08-05,960438.76
2022-08-08,960438.76
2022-08-10,960438.76
2022-08-11,960438.76
2022-08-12,957760.36
2022-08-16,965277.16
2022-08-17,961101.16
2022-08-18,965968.36
2022-08-19,970590.76
2022-08-22,970590.76
2022-08-23,970590.76
2022-08-24,970590.76
2022-08-25,970590.76
2022-08-26,970590.76
2022-08-29,970590.76
2022-08-30,970590.76
2022-09-01,970590.76
2022-09-02,970590.76
2022-09-05,970590.76
2022-09-06,970590.76
2022-09-07,970590.76
2022-09-08,970590.76
2022-09-09,970590.76
2022-09-12,970590.76
2022-09-13,970590.76
2022-09-14,970590.76
2022-09-15,970590.76
2022-09-16,970590.76
2022-09-19,970590.76
2022-09-20,980674.51
2022-09-21,982459.51
2022-09-22,985508.26
2022-09-23,985508.26
2022-09-26,985508.26
2022-09-27,985508.26
2022-09-28,985508.26
2022-09-29,985508.26
2022-09-30,985508.26
2022-10-03,985508.26
2022-10-04,985508.26
2022-10-06,985508.26
2022-10-07,985508.26
2022-10-10,985508.26
2022-10-11,985508.26
2022-10-12,985508.26
2022-10-13,985508.26
2022-10-14,985508.26
2022-10-17,985508.26
2022-10-18,985508.26
2022-10-19,985508.26
2022-10-20,985508.26
2022-10-21,985508.26
2022-10-24,985508.26
2022-10-25,985508.26
2022-10-27,985508.26
2022-10-28,985508.26
2022-10-31,985508.26
2022-11-01,985508.26
2022-11-02,985508.26
2022-11-03,985508.26
2022-11-04,985508.26
2022-11-07,985508.26
2022-11-09,985508.26
2022-11-10,985508.26
2022-11-11,985508.26
2022-11-14,985508.26
2022-11-15,985508.26
2022-11-16,985508.26
2022-11-17,985508.26
2022-11-18,985508.26
2022-11-21,985508.26
2022-11-22,985508.26
2022-11-23,985508.26
2022-11-24,985508.26
2022-11-25,985508.26
2022-11-28,985508.26
2022-11-29,985508.26
2022-11-30,985508.26
2022-12-01,985508.26
2022-12-02,985508.26
2022-12-05,983861.86
2022-12-06,982453.46
2022-12-07,983080.66
2022-12-08,983495.06
2022-12-09,982251.86
2022-12-12,984122.26
2022-12-13,984305.46
2022-12-14,990811.8600000001
2022-12-15,984014.66
2022-12-16,985746.26
2022-12-19,989475.06
2022-12-20,986985.46
2022-12-21,985908.66
2022-12-22,984227.86
2022-12-23,978128.66
2022-12-26,975460.26
2022-12-27,975460.26
2022-12-28,975460.26
2022-12-29,975460.26
2022-12-30,975460.26
2023-01-02,975460.26
2023-01-03,975460.26
2023-01-04,975460.26
2023-01-05,975460.26
2023-01-06,969100.0
2023-01-09,984580.6599999999
2023-01-10,971663.06
2023-01-11,971663.06
2023-01-12,971663.06
2023-01-13,971663.06
2023-01-16,971663.06
2023-01-17,971663.06
2023-01-18,971663.06
2023-01-19,971663.06
2023-01-20,971663.06
2023-01-23,971663.06
2023-01-24,971663.06
2023-01-25,971663.06
2023-01-27,971663.06
2023-01-30,971663.06
2023-01-31,971663.06
2023-02-01,971663.06
2023-02-02,971663.06
2023-02-03,971663.06
2023-02-06,971663.06
2023-02-07,971663.06
2023-02-08,971663.06
2023-02-09,971663.06
2023-02-10,971663.06
2023-02-13,971663.06
2023-02-14,971663.06
2023-02-15,971663.06
2023-02-16,970491.26
2023-02-17,968733.56
2023-02-20,968733.56
2023-02-21,968733.56
2023-02-22,968733.56
2023-02-23,968733.56
2023-02-24,968733.56
2023-02-27,968733.56
2023-02-28,968733.56
2023-03-01,968733.56
2023-03-02,968733.56
2023-03-03,968733.56
2023-03-06,968733.56
2023-03-08,968733.56
2023-03-09,968733.56
2023-03-10,968733.56
2023-03-13,968733.56
2023-03-14,965415.76
2023-03-15,966204.81
2023-03-16,963969.6100000001
2023-03-17,961256.76
2023-03-20,959958.76
2023-03-21,962554.76
2023-03-22,964587.96
2023-03-23,964108.26
2023-03-24,956942.61
2023-03-27,957425.01
2023-03-28,958570.71
2023-03-29,960821.9099999999
2023-03-31,962108.3099999999
2023-04-03,959599.71
2023-04-05,958050.8099999999
2023-04-06,957676.51
2023-04-10,957262.8099999999
2023-04-11,956937.76
2023-04-12,957912.9099999999
2023-04-13,956799.86
2023-04-17,959075.21
2023-04-18,958031.11
2023-04-19,957715.9099999999
2023-04-20,959154.01
2023-04-21,961518.01
2023-04-24,962000.6599999999
2023-04-25,956799.86
2023-04-26,959351.01
2023-04-27,953056.86
2023-04-28,953056.86
2023-05-02,953056.86
2023-05-03,953056.86
2023-05-04,953056.86
2023-05-05,953056.86
2023-05-08,953056.86
2023-05-09,953056.86
2023-05-10,953056.86
2023-05-11,943719.61
2023-05-12,946150.61
2023-05-15,946150.61
2023-05-16,946150.61
2023-05-17,946150.61
2023-05-18,946150.61
2023-05-19,946150.61
2023-05-22,946150.61
2023-05-23,946150.61
2023-05-24,946150.61
2023-05-25,946150.61
2023-05-26,946150.61
2023-05-29,946150.61
2023-05-30,946150.61
2023-05-31,946150.61
2023-06-01,946150.61
2023-06-02,946150.61
2023-06-05,946150.61
2023-06-06,946150.61
2023-06-07,946150.61
2023-06-08,946150.61
2023-06-09,946150.61
2023-06-12,946150.61
2023-06-13,946150.61
2023-06-14,946150.61
2023-06-15,946150.61
2023-06-16,946150.61
2023-06-19,946150.61
2023-06-20,946150.61
2023-06-21,946355.61
2023-06-22,943485.61
2023-06-23,942050.61
2023-06-26,943669.86
2023-06-27,949574.11
2023-06-28,948585.86
2023-06-30,949469.36
2023-07-03,946694.86
2023-07-04,944199.11
2023-07-05,945469.11
2023-07-06,954489.3599999999
2023-07-07,947031.76
2023-07-10,945479.3599999999
2023-07-11,949728.01
2023-07-12,948374.1599999999
2023-07-13,946254.81
2023-07-14,959914.7599999999
2023-07-17,954971.9099999999
2023-07-18,952842.3099999999
2023-07-19,952824.1599999999
2023-07-20,954602.8599999999
2023-07-21,955303.46
2023-07-24,959918.0599999999
2023-07-25,960744.1099999999
2023-07-26,963426.71
2023-07-27,968164.71
2023-07-28,970420.21
2023-07-31,972090.71
2023-08-01,972090.71
2023-08-02,971194.61
2023-08-03,970081.01
2023-08-04,973482.71
2023-08-07,969593.8099999999
2023-08-08,970820.51
2023-08-09,967766.8099999999
2023-08-10,968871.71
2023-08-11,966070.3099999999
2023-08-14,963747.41
2023-08-16,963747.41
2023-08-17,963747.41
2023-08-18,963747.41
2023-08-21,963747.41
2023-08-22,963747.41
2023-08-23,963747.41
2023-08-24,963747.41
2023-08-25,963747.41
2023-08-28,963747.41
2023-08-29,963747.41
2023-08-30,963747.41
2023-08-31,963747.41
2023-09-01,963747.41
2023-09-04,965947.41
2023-09-05,963307.41
2023-09-06,958787.41
2023-09-07,967507.41
2023-09-08,984796.1600000001
2023-09-11,985642.6100000001
2023-09-12,985642.6100000001
2023-09-13,985642.6100000001
2023-09-14,985642.6100000001
2023-09-15,985642.6100000001
2023-09-18,985642.6100000001
2023-09-20,985642.6100000001
2023-09-21,985642.6100000001
2023-09-22,985642.6100000001
2023-09-25,985642.6100000001
2023-09-26,985642.6100000001
2023-09-27,985642.6100000001
2023-09-28,985642.6100000001
2023-09-29,985642.6100000001
2023-10-03,985642.6100000001
2023-10-04,985642.6100000001
2023-10-05,985642.6100000001
2023-10-06,985642.6100000001
2023-10-09,985642.6100000001
2023-10-10,986062.6100000001
2023-10-11,987994.6100000001
2023-10-12,987112.6100000001
2023-10-13,986335.6100000001
2023-10-16,987049.6100000001
2023-10-17,988771.6100000001
2023-10-18,986671.6100000001
2023-10-19,985264.6100000001
2023-10-20,981967.6100000001
2023-10-23,980938.6100000001
2023-10-25,980938.6100000001
2023-10-26,980938.6100000001
2023-10-27,980048.9100000001
2023-10-30,983086.9100000001
2023-10-31,987426.9100000001
2023-11-01,992634.9100000001
2023-11-02,995672.9100000001
2023-11-03,997517.4100000001
2023-11-06,997517.4100000001
2023-11-07,997517.4100000001
2023-11-08,997517.4100000001
2023-11-09,997517.4100000001
2023-11-10,997517.4100000001
2023-11-12,997517.4100000001
2023-11-13,997517.4100000001
2023-11-15,994874.5100000001
2023-11-16,1000137.5100000001
2023-11-17,998763.3100000003
2023-11-20,993337.7500000002
2023-11-21,992827.1900000002
2023-11-22,986795.8300000002
2023-11-23,993128.1500000001
2023-11-24,994227.0500000002
2023-11-28,995325.9500000002
2023-11-29,1006303.8500000001
2023-11-30,1004416.8500000001
2023-12-01,1004905.2500000002
2023-12-04,1008146.4500000002
2023-12-05,1007169.6500000001
2023-12-06,1005171.6500000001
2023-12-07,1003662.0500000002
2023-12-08,1000909.2500000002
2023-12-11,1004117.1500000001
2023-12-12,1002352.2500000002
2023-12-13,1011187.8500000001
2023-12-14,1010344.2500000002
2023-12-15,1004061.6500000001
2023-12-18,1004572.2500000002
2023-12-19,1006437.0500000002
2023-12-20,994782.0500000002
2023-12-21,998178.6500000001
2023-12-22,998112.0500000002
2023-12-26,999666.0500000002
2023-12-27,1000110.0500000002
2023-12-28,997756.8500000001
2023-12-29,996713.4500000002
2024-01-01,996047.4500000002
2024-01-02,996125.1500000001
2024-01-03,998800.2500000002
2024-01-04,1003440.0500000002
2024-01-05,1003839.6500000001
2024-01-08,1002196.8500000001
2024-01-09,1002252.3500000001
2024-01-10,1000809.3500000001
2024-01-11,1000757.7500000001
2024-01-12,998691.2000000002
2024-01-15,1000483.8500000001
2024-01-16,1000281.2000000002
2024-01-17,993279.0500000002
2024-01-18,990293.1500000001
2024-01-19,993163.2500000001
2024-01-20,989860.2500000001
2024-01-23,974376.9500000002
2024-01-24,974535.9500000002
2024-01-25,975501.6500000001
2024-01-29,974968.8500000002
2024-01-30,972704.4500000002
2024-01-31,976034.4500000002
2024-02-01,980030.4500000002
2024-02-02,987001.2500000002
2024-02-05,981873.0500000002
2024-02-06,984403.8500000002
2024-02-07,996347.4500000002
2024-02-08,1001042.7500000002
2024-02-09,995126.4500000002
2024-02-12,999822.9500000002
2024-02-13,996159.6500000001
2024-02-14,1007720.05
2024-02-15,1032842.2500000001
2024-02-16,1032598.05
2024-02-19,1028746.3500000001
2024-02-20,1028724.1500000001
2024-02-21,1024095.4500000001
2024-02-22,1026870.4500000001
2024-02-23,1030755.4500000001
2024-02-26,1035239.8500000001
2024-02-27,1036793.8500000001
2024-02-28,1038680.8500000001
2024-02-29,1037149.05
2024-03-01,1040554.9500000001
2024-03-02,1041964.05
2024-03-04,1042582.05
2024-03-05,1041684.15
2024-03-06,1036352.55
2024-03-07,1033118.05
2024-03-11,1028311.6000000001
2024-03-12,1025281.3
2024-03-13,1007898.7000000001
2024-03-14,1005712.0000000001
2024-03-15,1005712.0000000001
2024-03-18,1005712.0000000001
2024-03-19,1005712.0000000001
2024-03-20,1005712.0000000001
2024-03-21,1005712.0000000001
2024-03-22,1005712.0000000001
2024-03-26,1005712.0000000001
2024-03-27,1005712.0000000001
2024-03-28,1005712.0000000001
2024-04-01,1005712.0000000001
2024-04-02,1005712.0000000001
2024-04-03,1005712.0000000001
2024-04-04,1005712.0000000001
2024-04-05,1005712.0000000001
2024-04-08,1005712.0000000001
2024-04-09,1005712.0000000001
2024-04-10,1005712.0000000001
2024-04-12,1006040.9000000001
2024-04-15,1004577.9000000001
2024-04-16,1002530.8000000002
2024-04-18,1002530.8000000002
2024-04-19,1002530.8000000002
2024-04-22,1002530.8000000002
2024-04-23,1002530.8000000002
2024-04-24,1002530.8000000002
2024-04-25,1002530.8000000002
2024-04-26,1002530.8000000002
2024-04-29,1002530.8000000002
2024-04-30,1002530.8000000002
2024-05-02,1002530.8000000002
2024-05-03,1001582.8000000003
2024-05-06,1002459.7000000002
2024-05-07,1003478.8000000003
2024-05-08,1004734.9000000003
2024-05-09,997364.2000000002
2024-05-10,993453.7000000002
2024-05-13,993453.7000000002
2024-05-14,992199.7000000002
2024-05-15,999426.7000000002
2024-05-16,996753.7000000002
2024-05-17,1001584.9000000003
2024-05-18,1006706.5000000002
2024-05-21,1006534.9000000003
2024-05-22,1007148.7000000002
2024-05-23,1010860.6000000002
2024-05-24,1008987.8500000002
2024-05-27,1007762.0500000002
2024-05-28,1007762.0500000002
2024-05-29,1007762.0500000002
2024-05-30,1007762.0500000002
2024-05-31,1007762.0500000002
2024-06-03,1007762.0500000002
2024-06-04,1007762.0500000002
2024-06-05,1012688.9500000002
2024-06-06,1014811.9500000002
2024-06-07,1015328.9500000002
2024-06-10,1015493.9500000002
2024-06-11,1017198.9500000002
2024-06-12,1019167.9500000002
2024-06-13,1019574.9500000002
2024-06-14,1020399.9500000002
2024-06-18,1019464.9500000002
2024-06-19,1014481.9500000002
2024-06-20,1013326.9500000002
2024-06-21,1012688.9500000002
2024-06-24,1015757.9500000002
2024-06-25,1013920.9500000002
2024-06-26,1009949.9500000002
2024-06-27,1008717.9500000002
2024-06-28,1010532.9500000002
2024-07-01,1011192.9500000002
2024-07-02,1008376.9500000002
2024-07-03,1012092.7500000002
2024-07-04,1018568.1500000001
2024-07-05,1022319.1500000001
2024-07-08,1017613.1500000001
2024-07-09,1016914.1500000001
2024-07-10,1017090.1500000001
2024-07-11,1015486.5000000001
2024-07-12,1006705.3500000001
2024-07-15,1017567.3
2024-07-16,1012169.0000000002
2024-07-18,1007577.2000000002
2024-07-19,997585.5500000002
2024-07-22,996223.3000000002
2024-07-23,978610.8000000003
2024-07-24,988912.4000000001
2024-07-25,996338.4000000003
2024-07-26,996338.4000000003
2024-07-29,996338.4000000003
2024-07-30,996338.4000000003
2024-07-31,996338.4000000003
2024-08-01,996338.4000000003
2024-08-02,996338.4000000003
2024-08-05,996338.4000000003
2024-08-06,996338.4000000003
2024-08-07,996338.4000000003
2024-08-08,996338.4000000003
2024-08-09,996338.4000000003
2024-08-12,996338.4000000003
2024-08-13,996338.4000000003
2024-08-14,996338.4000000003
2024-08-16,996338.4000000003
2024-08-19,996338.4000000003
2024-08-20,996338.4000000003
2024-08-21,996338.4000000003
2024-08-22,996338.4000000003
2024-08-23,996338.4000000003
2024-08-26,996338.4000000003
2024-08-27,996338.4000000003
2024-08-28,996338.4000000003
2024-08-29,996338.4000000003
2024-08-30,996338.4000000003
2024-09-02,996338.4000000003
2024-09-03,996338.4000000003
2024-09-04,996338.4000000003
2024-09-05,996338.4000000003
2024-09-06,996338.4000000003
2024-09-09,996338.4000000003
2024-09-10,996338.4000000003
2024-09-11,996338.4000000003
2024-09-12,996338.4000000003
2024-09-13,996338.4000000003
2024-09-16,996338.4000000003
2024-09-17,996338.4000000003
2024-09-18,996338.4000000003
2024-09-19,996338.4000000003
2024-09-20,996338.4000000003
2024-09-23,996338.4000000003
2024-09-24,996338.4000000003
2024-09-25,996338.4000000003
2024-09-26,996338.4000000003
2024-09-27,996338.4000000003
2024-09-30,993995.8500000003
2024-10-01,992793.0500000003
2024-10-03,992793.0500000003
2024-10-04,992793.0500000003
2024-10-07,992793.0500000003
2024-10-08,992793.0500000003
2024-10-09,992793.0500000003
2024-10-10,992793.0500000003
2024-10-11,992793.0500000003
2024-10-14,992793.0500000003
2024-10-15,992793.0500000003
2024-10-16,992793.0500000003
2024-10-17,992793.0500000003
2024-10-18,992793.0500000003
2024-10-21,987848.8500000003
2024-10-22,987317.8500000003
2024-10-23,991766.4500000002
2024-10-24,991742.8500000003
2024-10-25,989559.8500000003
2024-10-28,988002.2500000002
2024-10-29,987542.0500000003
2024-10-30,979840.3500000003
2024-10-31,977145.0000000003
2024-11-01,977145.0000000003
2024-11-04,977145.0000000003
2024-11-05,977145.0000000003
2024-11-06,977145.0000000003
2024-11-07,977145.0000000003
2024-11-08,977145.0000000003
2024-11-11,977145.0000000003
2024-11-12,977145.0000000003
2024-11-13,977145.0000000003
2024-11-14,977145.0000000003
2024-11-18,977145.0000000003
2024-11-19,977145.0000000003
2024-11-21,977145.0000000003
2024-11-22,977145.0000000003
2024-11-25,977145.0000000003
2024-11-26,977145.0000000003
2024-11-27,977145.0000000003
2024-11-28,977145.0000000003
2024-11-29,977145.0000000003
2024-12-02,977145.0000000003
2024-12-03,977145.0000000003
2024-12-04,977145.0000000003
2024-12-05,977145.0000000003
2024-12-06,977145.0000000003
2024-12-09,977145.0000000003
2024-12-10,977145.0000000003
2024-12-11,977145.0000000003
2024-12-12,977145.0000000003
2024-12-13,977145.0000000003
2024-12-16,974991.2500000005
2024-12-17,969036.0500000005
2024-12-18,966420.0500000004
2024-12-19,966420.0500000004
2024-12-20,966420.0500000004
2024-12-23,966420.0500000004
2024-12-24,966420.0500000004
2024-12-26,968977.5500000004
2024-12-27,968148.3000000004
2024-12-30,971256.0500000004
2024-12-31,968752.8000000004
2025-01-01,970161.3000000004
2025-01-02,977447.3000000004
2025-01-03,977112.5500000004
2025-01-06,973387.5500000004
2025-01-07,977533.5500000004
2025-01-08,967734.5500000004
2025-01-09,967734.5500000004
2025-01-10,967734.5500000004
2025-01-13,967734.5500000004
2025-01-14,967734.5500000004
2025-01-15,967734.5500000004
2025-01-16,967734.5500000004
2025-01-17,967734.5500000004
2025-01-20,967734.5500000004
2025-01-21,967734.5500000004
2025-01-22,967734.5500000004
2025-01-23,970848.1000000004
2025-01-24,968373.1000000004
2025-01-27,960646.1500000005
2025-01-28,960646.1500000005
2025-01-29,960646.1500000005
2025-01-30,960646.1500000005
2025-01-31,960646.1500000005
2025-02-01,960646.1500000005
2025-02-03,962229.7500000005
2025-02-04,964198.5500000005
2025-02-05,962433.0500000005
2025-02-06,961496.8000000005
2025-02-07,962604.2500000005
2025-02-10,961967.6000000006
2025-02-11,956879.7500000005
2025-02-12,961731.7000000005
2025-02-13,969511.3500000006
2025-02-14,963910.3000000005
2025-02-17,969640.1500000005
2025-02-18,967918.7000000007
2025-02-19,961762.4500000007
2025-02-20,973948.9500000007
2025-02-21,969802.4500000007
2025-02-24,964200.6000000006
2025-02-25,959654.1000000006
2025-02-27,965052.2500000006
2025-02-28,959354.5000000006
2025-03-03,955743.2500000006
2025-03-04,955036.7000000007
2025-03-05,960442.0000000007
2025-03-06,966450.7500000006
2025-03-07,961867.2500000007
2025-03-10,955125.8000000006
2025-03-11,956215.1500000006
2025-03-12,961344.2500000007
2025-03-13,957978.7500000007
2025-03-17,969613.9000000006
2025-03-18,975628.0000000007
2025-03-19,980844.3000000007
2025-03-20,979244.9500000008
2025-03-21,984687.0500000007
2025-03-24,988500.1500000007
2025-03-25,993913.7000000008
2025-03-26,992846.3500000008
2025-03-27,1000755.7500000007
2025-03-28,999387.7000000008
2025-04-01,985098.2500000007
2025-04-02,983392.2000000008
2025-04-03,989892.4000000007
2025-04-04,975397.4500000008
2025-04-07,959600.3500000008
2025-04-08,965009.2000000008
2025-04-09,964206.7000000008
2025-04-11,969620.9000000007
2025-04-15,971942.8000000007
2025-04-16,972071.2000000008
2025-04-17,979143.9000000007
2025-04-21,986735.5500000007
2025-04-22,986735.5500000007
2025-04-23,986735.5500000007
2025-04-24,986735.5500000007
2025-04-25,986735.5500000007
2025-04-28,986735.5500000007
2025-04-29,986735.5500000007
2025-04-30,986735.5500000007
2025-05-02,986735.5500000007
2025-05-05,986735.5500000007
2025-05-06,986735.5500000007
2025-05-07,986735.5500000007
2025-05-08,986735.5500000007
2025-05-09,986735.5500000007
2025-05-12,986735.5500000007
2025-05-13,986735.5500000007
2025-05-14,986735.5500000007
2025-05-15,986735.5500000007
2025-05-16,986735.5500000007
2025-05-19,986735.5500000007
2025-05-20,986735.5500000007
2025-05-21,986735.5500000007
2025-05-22,987451.3000000007
2025-05-23,988686.5000000007
2025-05-26,986620.3000000007
2025-05-27,983637.3500000008
2025-05-28,984643.7500000007
2025-05-29,985010.9500000008
2025-05-30,983555.7500000007
2025-06-02,984194.9500000008
2025-06-03,982481.3500000008
2025-06-04,981100.9500000008
2025-06-05,981100.9500000008
2025-06-06,981100.9500000008
2025-06-09,981100.9500000008
2025-06-10,981100.9500000008
2025-06-11,981100.9500000008
2025-06-12,981100.9500000008
2025-06-13,981100.9500000008
2025-06-16,981100.9500000008
2025-06-17,981100.9500000008
2025-06-18,981100.9500000008
2025-06-19,981100.9500000008
2025-06-20,981100.9500000008
2025-06-23,981100.9500000008
2025-06-24,981100.9500000008
2025-06-25,981100.9500000008
2025-06-26,980587.2000000008
2025-06-27,976900.9500000008
2025-06-30,979499.7000000008
2025-07-01,980849.7000000008
2025-07-02,979612.2000000008
2025-07-03,980339.7000000008
2025-07-04,982417.2000000008
2025-07-07,982252.2000000008
2025-07-08,981442.2000000008
2025-07-09,981127.2000000008
2025-07-10,981067.2000000008
2025-07-11,980752.2000000008
2025-07-14,982612.2000000008
2025-07-15,981869.7000000008
2025-07-16,981472.2000000008
2025-07-17,982207.2000000008
2025-07-18,982207.2000000008
2025-07-21,983947.2000000008
2025-07-22,983279.7000000008
2025-07-23,985556.4000000007
2025-07-24,980764.2000000007
2025-07-25,978997.8000000007
2025-07-28,978052.8000000007
2025-07-29,975735.3000000007
2025-07-30,976942.8000000007
2025-07-31,975375.3000000007
2025-08-01,973905.3000000007
2025-08-04,979387.8000000007
2025-08-05,977565.3000000007
2025-08-06,976305.3000000007
2025-08-07,977047.8000000007
2025-08-08,975787.8000000007
2025-08-11,973687.8000000007
2025-08-12,968149.0500000007
2025-08-13,968149.0500000007
2025-08-14,968149.0500000007
2025-08-18,968149.0500000007
2025-08-19,968149.0500000007
2025-08-20,968149.0500000007
2025-08-21,968149.0500000007
2025-08-22,968149.0500000007
2025-08-25,968149.0500000007
2025-08-26,968149.0500000007
2025-08-28,968149.0500000007
2025-08-29,966606.5500000007
2025-09-01,969301.5500000007
2025-09-02,966616.5500000007
2025-09-03,969556.5500000007
2025-09-04,972076.5500000007
2025-09-05,972136.5500000007
2025-09-08,973626.5500000007
2025-09-09,976129.0500000007
2025-09-10,976129.0500000007
2025-09-11,976129.0500000007
2025-09-12,976129.0500000007
2025-09-15,976129.0500000007
2025-09-16,979117.7500000007
2025-09-17,978181.7500000007
2025-09-18,980300.7500000007
2025-09-19,983121.7500000007
2025-09-22,983934.2500000007
2025-09-23,983934.2500000007
2025-09-24,983934.2500000007
2025-09-25,983934.2500000007
2025-09-26,983934.2500000007
2025-09-29,983934.2500000007
2025-09-30,983934.2500000007
2025-10-01,983934.2500000007
2025-10-03,983934.2500000007
2025-10-06,983934.2500000007
2025-10-07,983934.2500000007
2025-10-08,983934.2500000007
2025-10-09,983934.2500000007
2025-10-10,983934.2500000007
2025-10-13,983934.2500000007
2025-10-14,983934.2500000007
2025-10-15,983934.2500000007
2025-10-16,983934.2500000007
2025-10-17,983934.2500000007
2025-10-20,983934.2500000007
2025-10-21,983934.2500000007
2025-10-23,983934.2500000007
2025-10-24,983934.2500000007
2025-10-27,983934.2500000007
2025-10-28,983934.2500000007
2025-10-29,983934.2500000007
2025-10-30,983934.2500000007
2025-10-31,983934.2500000007
2025-11-03,983934.2500000007
2025-11-04,983934.2500000007
2025-11-06,983934.2500000007
2025-11-07,983934.2500000007
2025-11-10,983934.2500000007
2025-11-11,983934.2500000007
2025-11-12,983571.2500000007
2025-11-13,981360.2500000007
2025-11-14,983191.7500000007
2025-11-17,984445.7500000007
2025-11-18,983455.7500000007
2025-11-19,987762.2500000007
2025-11-20,985831.7500000007
2025-11-21,983439.2500000007
2025-11-24,982449.2500000007
2025-11-25,984528.2500000007
2025-11-26,987646.7500000007
2025-11-27,987547.7500000007
2025-11-28,986854.7500000007
2025-12-01,988141.7500000007
2025-12-02,988224.2500000007
2025-12-03,979677.2500000007
2025-12-04,979677.2500000007
2025-12-05,979677.2500000007
2025-12-08,979677.2500000007
2025-12-09,979677.2500000007
2025-12-10,976708.6000000007
2025-12-11,977661.5000000007
2025-12-12,987813.5500000006
2025-12-15,988216.7000000007
2025-12-16,986860.6500000007
2025-12-17,988766.4500000007
2025-12-18,988619.8500000007
2025-12-19,988070.1000000007
2025-12-22,991112.0500000007
2025-12-23,991112.0500000007
2025-12-24,991112.0500000007
2025-12-26,991112.0500000007
2025-12-29,991112.0500000007
2025-12-30,991112.0500000007
2025-12-31,991112.0500000007
2026-01-01,991112.0500000007
2026-01-02,991112.0500000007
2026-01-05,991112.0500000007
2026-01-06,991112.0500000007
2026-01-07,991112.0500000007
2026-01-08,991112.0500000007
2026-01-09,991112.0500000007
2026-01-12,991112.0500000007
2026-01-13,991112.0500000007
2026-01-14,991112.0500000007
2026-01-16,991112.0500000007
2026-01-19,991112.0500000007
2026-01-20,991112.0500000007
2026-01-21,991112.0500000007
2026-01-22,991112.0500000007
2026-01-23,991112.0500000007
2026-01-27,991112.0500000007
2026-01-28,991112.0500000007
2026-01-29,991112.0500000007
2026-01-30,991112.0500000007
2026-02-01,991112.0500000007
2026-02-02,991112.0500000007
2026-02-03,984699.5500000007
2026-02-04,985526.0500000007
2026-02-05,985678.0500000007
2026-02-06,983236.5500000007
2026-02-09,984595.0500000007
2026-02-10,988091.0500000007
2026-02-11,989905.5500000007
2026-02-12,989750.7700000007
2026-02-13,985897.8800000007
2026-02-16,989331.0800000008
2026-02-17,999422.3100000008
2026-02-18,1004686.0100000007
2026-02-19,997015.6100000008
2026-02-20,999019.2100000008
2026-02-23,999162.9100000008
2026-02-24,998654.8100000008
2026-02-25,1000372.6600000007
2026-02-26,1002595.3600000007
2026-02-27,1002595.3600000007
2026-03-02,1002595.3600000007
2026-03-04,1002595.3600000007
2026-03-05,1002595.3600000007
2026-03-06,1002595.3600000007
2026-03-09,989982.7600000007
2026-03-10,990190.6600000006
2026-03-11,990190.6600000006
2026-03-12,990190.6600000006
2026-03-13,990190.6600000006
2026-03-16,990190.6600000006
2026-03-17,990190.6600000006
2026-03-18,990190.6600000006
2026-03-19,990190.6600000006
2026-03-20,990190.6600000006
2026-03-23,990190.6600000006
2026-03-24,990190.6600000006
2026-03-25,990190.6600000006
2026-03-27,990190.6600000006
2026-03-30,990190.6600000006
2026-04-01,990190.6600000006
2026-04-02,990190.6600000006
2026-04-06,989661.4600000007
2026-04-07,988132.6600000006
2026-04-08,988970.5600000006
2026-04-09,989661.4600000007
2026-04-10,990984.4600000007
2026-04-13,989573.2600000006
2026-04-15,994585.9600000007
2026-04-16,996438.1600000006
2026-04-17,996364.6600000006
2026-04-20,993689.2600000006
2026-04-21,997202.5600000006
2026-04-22,1001539.0600000006
2026-04-23,1003626.4600000007
2026-04-24,1000451.2600000006
2026-04-27,1000877.5600000006
2026-04-28,1001744.8600000006
2026-04-29,997952.2600000006
2026-04-30,996879.1600000006
2026-05-04,998503.0100000007
2026-05-05,1004908.7100000007
2026-05-06,1017506.7600000007
2026-05-07,1027910.0600000008
2026-05-08,1031347.4100000007
2026-05-11,1021580.5600000008
2026-05-12,1012746.8600000007
2026-05-13,1017914.9100000007
2026-05-14,1023941.5100000007
2026-05-15,1022424.3600000007
2026-05-18,1011808.5100000007
2026-05-19,1012749.9600000007
2026-05-20,1026359.0100000007
2026-05-21,1028838.4600000007
2026-05-22,1027663.8600000007
2026-05-25,1029271.4600000007
2026-05-26,1033355.7100000007
2026-05-27,1050956.0600000008
2026-05-29,1050956.0600000008
2026-06-01,1050956.0600000008
2026-06-02,1050956.0600000008
2026-06-03,1050956.0600000008
2026-06-04,1051625.3600000008
2026-06-05,1052478.960000001
2026-06-08,1052207.3600000008
2026-06-09,1055699.3600000008
2026-06-10,1054283.1600000008
2026-06-11,1055757.5600000008
2026-06-12,1055524.7600000007
2026-06-15,1053999.3600000008
2026-06-16,1053350.960000001
2026-06-17,1054865.0600000008
2026-06-18,1057387.0600000008
2026-06-19,1056688.6600000006
2026-06-22,1059540.4600000007
2026-06-23,1062308.2600000007
2026-06-24,1056257.8600000006
2026-06-25,1056665.2600000007
2026-06-29,1060525.8600000006
2026-06-30,1058838.0600000005
2026-07-01,1058178.4600000007
2026-07-02,1056354.8600000006
2026-07-03,1064270.0600000005
2026-07-06,1065269.1600000004
2026-07-07,1065269.1600000004
2026-07-08,1065269.1600000004
2026-07-09,1065269.1600000004
2026-07-10,1065269.1600000004
2026-07-13,1065269.1600000004
2026-07-14,1065269.1600000004
2026-07-15,1065269.1600000004
2026-07-16,1065269.1600000004
2026-07-17,1065269.1600000004
2026-07-20,1064545.4100000004
2026-07-21,1063696.2100000004
2026-07-22,1061438.1100000003
2026-07-23,1059575.6600000004
2026-07-24,1059575.6600000004
2026-07-27,1059575.6600000004
2026-07-28,1059575.6600000004
2026-07-29,1059575.6600000004
2026-07-30,1059575.6600000004
2026-07-31,1064987.8100000005
2026-08-03,1068980.6600000004
2026-08-04,1068980.6600000004
2026-08-05,1068980.6600000004
2026-08-06,1068980.6600000004
2026-08-07,1068980.6600000004
2026-08-10,1068980.6600000004
2026-08-11,1068980.6600000004
2026-08-12,1068980.6600000004
2026-08-13,1068980.6600000004
2026-08-14,1068980.6600000004
2026-08-17,1068980.6600000004
2026-08-18,1068980.6600000004
2026-08-19,1068980.6600000004
2026-08-20,1068980.6600000004
2026-08-21,1068980.6600000004
2026-08-24,1066744.6600000004
